Date de début,Date de fin,Organisme,code zas,Zas,code site,nom site,type d'implantation,Polluant,type d'influence,Réglementaire,type d'évaluation,type de valeur,valeur,valeur brute,unité de mesure,taux de saisie,couverture temporelle,couverture de données,code qualité,validité,Latitude,Longitude,Ville
2022/01/01 00:00:00,2022/12/31 23:59:59,ATMO GRAND EST,FR44ZAG02,ZAG METZ,FR01011,Metz-Centre,Urbaine,O3,Fond,Oui,mesures fixes,Moy. annuelle,51.0,50.61413120988826,µg-m3,,,,R,1,49.119442,6.180833,Metz
2022/01/01 00:00:00,2022/12/31 23:59:59,ATMO GRAND EST,FR44ZAG02,ZAG METZ,FR01018,Scy-Chazelles,Périurbaine,O3,Fond,Oui,mesures fixes,Moy. annuelle,54.0,53.926047444824746,µg-m3,,,,R,1,49.107502,6.122775,Scy-Chazelles
2022/01/01 00:00:00,2022/12/31 23:59:59,ATMO GRAND EST,FR44ZAG02,ZAG METZ,FR01020,Thionville-Centre,Urbaine,O3,Fond,Oui,mesures fixes,Moy. annuelle,53.0,53.33349240236088,µg-m3,,,,R,1,49.358337,6.156942,Thionville
2022/01/01 00:00:00,2022/12/31 23:59:59,ATMO GRAND EST,FR44ZAG02,ZAG METZ,FR01021,Thionville-Garche,Périurbaine,O3,Fond,Oui,mesures fixes,Moy. annuelle,57.0,56.85608928338337,µg-m3,,,,R,1,49.394444,6.201392,Thionville
2022/01/01 00:00:00,2022/12/31 23:59:59,ATMO SUD,FR93ZAG01,ZAG MARSEILLE-AIX,FR02001,Berre l'Etang,Périurbaine,O3,Fond,Oui,mesures fixes,Moy. annuelle,66.0,66.1762232862315,µg-m3,,,,R,1,43.486234,5.171939,Berre-l'Étang
2022/01/01 00:00:00,2022/12/31 23:59:59,ATMO SUD,FR93ZAG01,ZAG MARSEILLE-AIX,FR02004,Martigues P. Central,Urbaine,O3,Fond,Oui,mesures fixes,Moy. annuelle,74.0,74.01480549199084,µg-m3,,,,R,1,43.416661,5.042731,Martigues
2022/01/01 00:00:00,2022/12/31 23:59:59,ATMO SUD,FR93ZAG01,ZAG MARSEILLE-AIX,FR02012,Istres,Urbaine,O3,Fond,Oui,mesures fixes,Moy. annuelle,65.0,65.11177915545687,µg-m3,,,,R,1,43.506149,4.982898,Istres
2022/01/01 00:00:00,2022/12/31 23:59:59,ATMO SUD,FR93ZAG01,ZAG MARSEILLE-AIX,FR02021,Sausset les Pins,Périurbaine,O3,Fond,Oui,mesures fixes,Moy. annuelle,73.0,73.44703017343791,µg-m3,,,,R,1,43.331245,5.117696,Sausset-les-Pins
2022/01/01 00:00:00,2022/12/31 23:59:59,ATMO SUD,FR93ZRE02,ZR PROVENCE-ALPES-COTE-D-AZUR,FR02022,Arles,Urbaine,O3,Fond,Oui,mesures fixes,Moy. annuelle,62.0,62.26242816970285,µg-m3,,,,R,1,43.675114,4.62921,Arles
2022/01/01 00:00:00,2022/12/31 23:59:59,ATMO SUD,FR93ZAG01,ZAG MARSEILLE-AIX,FR02041,SALON,Urbaine,O3,Fond,Oui,mesures fixes,Moy. annuelle,65.0,65.00077972709552,µg-m3,,,,R,1,43.639002,5.101097,Salon-de-Provence
2022/01/01 00:00:00,2022/12/31 23:59:59,ATMO SUD,FR93ZRE02,ZR PROVENCE-ALPES-COTE-D-AZUR,FR03027,PLAN AUPS/STE  BAUME,Rurale près des villes,O3,Fond,Oui,mesures fixes,Moy. annuelle,84.0,83.55530468840013,µg-m3,,,,R,1,43.335201,5.727365,Plan-d'Aups-Sainte-Baume
2022/01/01 00:00:00,2022/12/31 23:59:59,ATMO SUD,FR93ZAG01,ZAG MARSEILLE-AIX,FR03032,AUBAGNE LES PASSONS,Urbaine,O3,Fond,Oui,mesures fixes,Moy. annuelle,67.0,66.54851303249511,µg-m3,,,,R,1,43.293138,5.574184,Aubagne
2022/01/01 00:00:00,2022/12/31 23:59:59,ATMO SUD,FR93ZAG01,ZAG MARSEILLE-AIX,FR03037,VALLEE HUVEAUNE,Périurbaine,O3,Fond,Oui,mesures fixes,Moy. annuelle,54.0,53.81782339904344,µg-m3,,,,R,1,43.283341,5.511384,La Penne-sur-Huveaune
2022/01/01 00:00:00,2022/12/31 23:59:59,ATMO SUD,FR93ZAG01,ZAG MARSEILLE-AIX,FR03043,MARSEILLE 5 AVENUES,Urbaine,O3,Fond,Oui,mesures fixes,Moy. annuelle,58.0,57.908698163335984,µg-m3,,,,R,1,43.305287,5.394716,Marseille
2022/01/01 00:00:00,2022/12/31 23:59:59,ATMO SUD,FR93ZAG01,ZAG MARSEILLE-AIX,FR03048,AIX PLATANES,Périurbaine,O3,Fond,Oui,mesures fixes,Moy. annuelle,60.0,60.14906071019471,µg-m3,,,,R,1,43.555777,5.461232,Aix-en-Provence
2022/01/01 00:00:00,2022/12/31 23:59:59,ATMO SUD,FR93ZAG03,ZAG TOULON,FR03064,LA VALETTE/LA GARDE,Périurbaine,O3,Fond,Oui,mesures fixes,Moy. annuelle,29.0,29.494852941176475,µg-m3,,,,N,-1,43.135902,6.011513,La Garde
2022/01/01 00:00:00,2022/12/31 23:59:59,ATMO SUD,FR93ZRE02,ZR PROVENCE-ALPES-COTE-D-AZUR,FR03067,BRIGNOLES,Périurbaine,O3,Fond,Oui,mesures fixes,Moy. annuelle,66.0,66.12414385522847,µg-m3,,,,R,1,43.398731,6.075611,Brignoles
2022/01/01 00:00:00,2022/12/31 23:59:59,ATMO SUD,FR93ZAG03,ZAG TOULON,FR03069,HYERES,Urbaine,O3,Fond,Oui,mesures fixes,Moy. annuelle,75.0,75.29301960784322,µg-m3,,,,R,1,43.119737,6.131319,Hyères
2022/01/01 00:00:00,2022/12/31 23:59:59,ATMO SUD,FR93ZRE02,ZR PROVENCE-ALPES-COTE-D-AZUR,FR03070,ESTEREL,Périurbaine,O3,Fond,Oui,mesures fixes,Moy. annuelle,62.0,61.98032503457819,µg-m3,,,,R,1,43.437874,6.76839,Saint-Raphaël
2022/01/01 00:00:00,2022/12/31 23:59:59,ATMO SUD,FR93ZAG03,ZAG TOULON,FR03071,TOULON CLARET,Urbaine,O3,Fond,Oui,mesures fixes,Moy. annuelle,65.0,65.25747636278747,µg-m3,,,,R,1,43.131113,5.924184,Toulon
2022/01/01 00:00:00,2022/12/31 23:59:59,ATMO SUD,FR93ZAG04,ZAG AVIGNON,FR03080,AVIGNON   MAIRIE,Urbaine,O3,Fond,Oui,mesures fixes,Moy. annuelle,61.0,60.93608010127745,µg-m3,,,,R,1,43.949673,4.804341,Avignon
2022/01/01 00:00:00,2022/12/31 23:59:59,ATMO SUD,FR93ZRE02,ZR PROVENCE-ALPES-COTE-D-AZUR,FR03086,APT,Périurbaine,O3,Fond,Oui,mesures fixes,Moy. annuelle,61.0,60.79608069164272,µg-m3,,,,R,1,43.88012,5.362038,Apt
2022/01/01 00:00:00,2022/12/31 23:59:59,ATMO SUD,FR93ZAG04,ZAG AVIGNON,FR03088,CARPENTRAS,Périurbaine,O3,Fond,Oui,mesures fixes,Moy. annuelle,64.0,63.67402656894178,µg-m3,,,,R,1,44.060347,5.067413,Carpentras
2022/01/01 00:00:00,2022/12/31 23:59:59,AIRPARIF,FR11ZAG01,ZAG PARIS,FR04004,PARIS 18eme,Urbaine,O3,Fond,Oui,mesures fixes,Moy. annuelle,50.0,50.06656990246169,µg-m3,,,,R,1,48.891666,2.346667,Paris
2022/01/01 00:00:00,2022/12/31 23:59:59,AIRPARIF,FR11ZAG01,ZAG PARIS,FR04017,NEUILLY-SUR-SEINE,Urbaine,O3,Fond,Oui,mesures fixes,Moy. annuelle,47.0,47.433165426445385,µg-m3,,,,R,1,48.88139,2.278056,Neuilly-sur-Seine
2022/01/01 00:00:00,2022/12/31 23:59:59,AIRPARIF,FR11ZAG01,ZAG PARIS,FR04023,CERGY-PONTOISE,Urbaine,O3,Fond,Oui,mesures fixes,Moy. annuelle,54.0,53.92962962962968,µg-m3,,,,R,1,49.04639,2.043056,Cergy
2022/01/01 00:00:00,2022/12/31 23:59:59,AIRPARIF,FR11ZAG01,ZAG PARIS,FR04029,VERSAILLES,Périurbaine,O3,Fond,Oui,mesures fixes,Moy. annuelle,50.0,49.58525685325969,µg-m3,,,,R,1,48.799168,2.130556,Versailles
2022/01/01 00:00:00,2022/12/31 23:59:59,AIRPARIF,FR11ZAG01,ZAG PARIS,FR04034,VITRY-SUR-SEINE,Urbaine,O3,Fond,Oui,mesures fixes,Moy. annuelle,51.0,50.974485405279765,µg-m3,,,,R,1,48.775897,2.375788,Vitry-sur-Seine
2022/01/01 00:00:00,2022/12/31 23:59:59,AIRPARIF,FR11ZAG01,ZAG PARIS,FR04037,PARIS 13eme,Urbaine,O3,Fond,Oui,mesures fixes,Moy. annuelle,49.0,49.24784921369098,µg-m3,,,,R,1,48.82861,2.360278,Paris
2022/01/01 00:00:00,2022/12/31 23:59:59,AIRPARIF,FR11ZRE01,ZR ILE-DE-FRANCE,FR04038,Zone Rurale SO,Rurale régionale,O3,Fond,Oui,mesures fixes,Moy. annuelle,62.0,62.20814553990605,µg-m3,,,,R,1,48.581944,1.883333,Sonchamp
2022/01/01 00:00:00,2022/12/31 23:59:59,AIRPARIF,FR11ZRE01,ZR ILE-DE-FRANCE,FR04048,Zone Rurale Nord,Rurale régionale,O3,Fond,Oui,mesures fixes,Moy. annuelle,59.0,59.15997252118152,µg-m3,,,,R,1,49.100277,2.343889,Saint-Martin-du-Tertre
2022/01/01 00:00:00,2022/12/31 23:59:59,AIRPARIF,FR11ZAG01,ZAG PARIS,FR04049,LES ULIS,Périurbaine,O3,Fond,Oui,mesures fixes,Moy. annuelle,58.0,57.98939186099679,µg-m3,,,,R,1,48.679443,2.165556,Les Ulis
2022/01/01 00:00:00,2022/12/31 23:59:59,AIRPARIF,FR11ZAG01,ZAG PARIS,FR04055,PARIS 1er Les Halles,Urbaine,O3,Fond,Oui,mesures fixes,Moy. annuelle,50.0,49.74853566096255,µg-m3,,,,R,1,48.86212,2.344616,Paris
2022/01/01 00:00:00,2022/12/31 23:59:59,AIRPARIF,FR11ZAG01,ZAG PARIS,FR04063,MANTES-LA-JOLIE,Périurbaine,O3,Fond,Oui,mesures fixes,Moy. annuelle,48.0,47.83496764917325,µg-m3,,,,N,-1,48.9964,1.7033,Mantes-la-Jolie
2022/01/01 00:00:00,2022/12/31 23:59:59,AIRPARIF,FR11ZRE01,ZR ILE-DE-FRANCE,FR04066,Zone rurale Sud,Rurale régionale,O3,Fond,Oui,mesures fixes,Moy. annuelle,58.0,58.05160994614422,µg-m3,,,,R,1,48.364166,2.236944,Bois-Herpin
2022/01/01 00:00:00,2022/12/31 23:59:59,AIRPARIF,FR11ZAG01,ZAG PARIS,FR04069,MELUN,Périurbaine,O3,Fond,Oui,mesures fixes,Moy. annuelle,49.0,48.8131444496052,µg-m3,,,,R,1,48.54139,2.661389,Melun
2022/01/01 00:00:00,2022/12/31 23:59:59,AIRPARIF,FR11ZAG01,ZAG PARIS,FR04098,LOGNES,Urbaine,O3,Fond,Oui,mesures fixes,Moy. annuelle,52.0,51.982586779699766,µg-m3,,,,R,1,48.84028,2.635278,Lognes
2022/01/01 00:00:00,2022/12/31 23:59:59,AIRPARIF,FR11ZAG01,ZAG PARIS,FR04100,VILLEMOMBLE,Urbaine,O3,Fond,Oui,mesures fixes,Moy. annuelle,49.0,48.74306318681323,µg-m3,,,,R,1,48.881947,2.507222,Villemomble
2022/01/01 00:00:00,2022/12/31 23:59:59,AIRPARIF,FR11ZAG01,ZAG PARIS,FR04101,CHAMPIGNY-SUR-MARNE,Urbaine,O3,Fond,Oui,mesures fixes,Moy. annuelle,43.0,43.36696552790224,µg-m3,,,,N,-1,48.816387,2.5175,Champigny-sur-Marne
2022/01/01 00:00:00,2022/12/31 23:59:59,AIRPARIF,FR11ZRE01,ZR ILE-DE-FRANCE,FR04142,Zone Rurale Nord-Est,Rurale régionale,O3,Fond,Oui,mesures fixes,Moy. annuelle,59.0,58.95040018294083,µg-m3,,,,R,1,49.028057,2.750278,Montgé-en-Goële
2022/01/01 00:00:00,2022/12/31 23:59:59,AIRPARIF,FR11ZAG01,ZAG PARIS,FR04149,MONTGERON,Urbaine,O3,Fond,Oui,mesures fixes,Moy. annuelle,50.0,50.17278966029964,µg-m3,,,,R,1,48.7067,2.4572,Montgeron
2022/01/01 00:00:00,2022/12/31 23:59:59,AIRPARIF,FR11ZRE01,ZR ILE-DE-FRANCE,FR04158,Zone Rurale NO,Rurale régionale,O3,Fond,Oui,mesures fixes,Moy. annuelle,61.0,60.60446675900271,µg-m3,,,,R,1,49.063087,1.866381,Frémainville
2022/01/01 00:00:00,2022/12/31 23:59:59,AIRPARIF,FR11ZRE01,ZR ILE-DE-FRANCE,FR04181,RAMBOUILLET,Périurbaine,O3,Fond,Oui,mesures fixes,Moy. annuelle,57.0,56.93431350114405,µg-m3,,,,R,1,48.63373,1.830529,Rambouillet
2022/01/01 00:00:00,2022/12/31 23:59:59,AIRPARIF,FR11ZAG01,ZAG PARIS,FR04319,TREMBLAY-EN-FRANCE,Périurbaine,O3,Fond,Oui,mesures fixes,Moy. annuelle,45.0,44.64295147861034,µg-m3,,,,N,-1,48.95555,2.575278,Tremblay-en-France
2022/01/01 00:00:00,2022/12/31 23:59:59,AIRPARIF,FR11ZRE01,ZR ILE-DE-FRANCE,FR04324,Zone Rurale Est,Rurale régionale,O3,Fond,Oui,mesures fixes,Moy. annuelle,53.0,52.83371095090973,µg-m3,,,,R,1,48.761665,3.058333,Beautheil-Saints
2022/01/01 00:00:00,2022/12/31 23:59:59,AIRPARIF,FR11ZRE01,ZR ILE-DE-FRANCE,FR04328,Zone Rurale SE,Rurale régionale,O3,Fond,Oui,mesures fixes,Moy. annuelle,57.0,56.99833715596329,µg-m3,,,,R,1,48.3547,2.6453,Fontainebleau
2022/01/01 00:00:00,2022/12/31 23:59:59,ATMO NORMANDIE,FR28ZAR01,ZAR LE-HAVRE,FR05010,St Romain de Colbosc,Périurbaine,O3,Fond,Oui,mesures fixes,Moy. annuelle,59.0,59.02901881400325,µg-m3,,,,R,1,49.528927,0.358733,Saint-Romain-de-Colbosc
2022/01/01 00:00:00,2022/12/31 23:59:59,ATMO NORMANDIE,FR28ZRE02,ZR NORMANDIE,FR05040,Honfleur Sce Tech.,Urbaine,O3,Fond,Oui,mesures fixes,Moy. annuelle,56.0,55.65958627065753,µg-m3,,,,R,1,49.415108,0.2437,Honfleur
2022/01/01 00:00:00,2022/12/31 23:59:59,ATMO NORMANDIE,FR28ZAR01,ZAR LE-HAVRE,FR05074,Le Havre Ec. Herriot,Urbaine,O3,Fond,Oui,mesures fixes,Moy. annuelle,60.0,60.111209097238245,µg-m3,,,,R,1,49.48963,0.100703,Le Havre
2022/01/01 00:00:00,2022/12/31 23:59:59,ATMO NORMANDIE,FR28ZRE02,ZR NORMANDIE,FR05082,Touques,Périurbaine,O3,Fond,Oui,mesures fixes,Moy. annuelle,60.0,59.51125893077117,µg-m3,,,,R,1,49.348,0.109253,Touques
2022/01/01 00:00:00,2022/12/31 23:59:59,ATMO NORMANDIE,FR28ZRE02,ZR NORMANDIE,FR05087,Maison Parc Brotonne,Rurale régionale,O3,Fond,Oui,mesures fixes,Moy. annuelle,54.0,54.137158533738,µg-m3,,,,R,1,49.498417,0.758697,Notre-Dame-de-Bliquetuit
2022/01/01 00:00:00,2022/12/31 23:59:59,ATMO NORMANDIE,FR28ZRE02,ZR NORMANDIE,FR05088,Fécamp,Périurbaine,O3,Fond,Oui,mesures fixes,Moy. annuelle,54.0,53.8851416480546,µg-m3,,,,R,1,49.749942,0.415019,Fécamp
2022/01/01 00:00:00,2022/12/31 23:59:59,ATMO NORMANDIE,FR28ZAR01,ZAR LE-HAVRE,FR05090,Le Havre ville-haute,Urbaine,O3,Fond,Oui,mesures fixes,Moy. annuelle,62.0,61.55709006928408,µg-m3,,,,R,1,49.514686,0.100645,Le Havre
2022/01/01 00:00:00,2022/12/31 23:59:59,ATMO HAUTS DE FRANCE,FR32ZAG01,ZAG BLDV,FR06001,Valenciennes Acacias,Urbaine,O3,Fond,Oui,mesures fixes,Moy. annuelle,49.0,49.293628873157736,µg-m3,,,,R,1,50.35853,3.50804,Valenciennes
2022/01/01 00:00:00,2022/12/31 23:59:59,ATMO HAUTS DE FRANCE,FR32ZAG01,ZAG BLDV,FR06003,Douai Theuriet,Urbaine,O3,Fond,Oui,mesures fixes,Moy. annuelle,49.0,49.3639806079664,µg-m3,,,,N,-1,50.37822,3.06586,Douai
2022/01/01 00:00:00,2022/12/31 23:59:59,ATMO HAUTS DE FRANCE,FR32ZRE01,ZR HAUTS-DE-FRANCE,FR06007,Maubeuge Joyeuse,Urbaine,O3,Fond,Oui,mesures fixes,Moy. annuelle,58.0,57.76896875419072,µg-m3,,,,R,1,50.27936,3.97691,Maubeuge
2022/01/01 00:00:00,2022/12/31 23:59:59,ATMO HAUTS DE FRANCE,FR32ZAG01,ZAG BLDV,FR06011,Denain Villars,Périurbaine,O3,Fond,Oui,mesures fixes,Moy. annuelle,57.0,56.69379232505649,µg-m3,,,,R,1,50.32276,3.39593,Denain
2022/01/01 00:00:00,2022/12/31 23:59:59,ATMO HAUTS DE FRANCE,FR32ZRE01,ZR HAUTS-DE-FRANCE,FR06133,Cartignies,Rurale près des villes,O3,Fond,Oui,mesures fixes,Moy. annuelle,55.0,55.00976976489219,µg-m3,,,,R,1,50.09225,3.85003,Cartignies
2022/01/01 00:00:00,2022/12/31 23:59:59,ATMO HAUTS DE FRANCE,FR32ZAG01,ZAG BLDV,FR06134,Saint Amand,Périurbaine,O3,Fond,Oui,mesures fixes,Moy. annuelle,48.0,47.65332537313432,µg-m3,,,,R,1,50.45647,3.42794,Saint-Amand-les-Eaux
2022/01/01 00:00:00,2022/12/31 23:59:59,ATMO AUVERGNE-RHÔNE-ALPES,FR84ZAG04,ZAG CLERMONT-FERRAND,FR07004,Montferrand,Urbaine,O3,Fond,Oui,mesures indicatives,Moy. annuelle,54.0,53.87752276867031,µg-m3,,,,R,1,45.79728,3.113833,Clermont-Ferrand
2022/01/01 00:00:00,2022/12/31 23:59:59,ATMO AUVERGNE-RHÔNE-ALPES,FR84ZAG04,ZAG CLERMONT-FERRAND,FR07009,Jardin Lecoq,Urbaine,O3,Fond,Oui,mesures indicatives,Moy. annuelle,52.0,51.74425702811246,µg-m3,,,,R,1,45.772167,3.0875,Clermont-Ferrand
2022/01/01 00:00:00,2022/12/31 23:59:59,ATMO AUVERGNE-RHÔNE-ALPES,FR84ZRE02,ZR AUVERGNE-RHONE-ALPES,FR07022,Paray le Fresil,Rurale régionale,O3,Fond,Oui,mesures fixes,Moy. annuelle,51.0,50.62246096043212,µg-m3,,,,R,1,46.652668,3.600667,Paray-le-Frésil
2022/01/01 00:00:00,2022/12/31 23:59:59,ATMO AUVERGNE-RHÔNE-ALPES,FR84ZRE02,ZR AUVERGNE-RHONE-ALPES,FR07031,Rageade,Rurale régionale,O3,Fond,Oui,mesures indicatives,Moy. annuelle,81.0,80.77918034780492,µg-m3,,,,R,1,45.10472,3.277361,Rageade
2022/01/01 00:00:00,2022/12/31 23:59:59,ATMO AUVERGNE-RHÔNE-ALPES,FR84ZRE02,ZR AUVERGNE-RHONE-ALPES,FR07052,Aurillac-Lagarde,Urbaine,O3,Fond,Oui,mesures indicatives,Moy. annuelle,64.0,64.05578790995325,µg-m3,,,,R,1,44.92008,2.441082,Aurillac
2022/01/01 00:00:00,2022/12/31 23:59:59,ATMO AUVERGNE-RHÔNE-ALPES,FR84ZRE02,ZR AUVERGNE-RHONE-ALPES,FR07054,Le Puy-Causans,Urbaine,O3,Fond,Oui,mesures indicatives,Moy. annuelle,58.0,57.61237415125253,µg-m3,,,,R,1,45.039001,3.887001,Le Puy-en-Velay
2022/01/01 00:00:00,2022/12/31 23:59:59,ATMO AUVERGNE-RHÔNE-ALPES,FR84ZRE02,ZR AUVERGNE-RHONE-ALPES,FR07056,Pays du Mezenc,Rurale régionale,O3,Fond,Oui,mesures fixes,Moy. annuelle,81.0,80.76260162601633,µg-m3,,,,R,1,44.98377,4.226006,Fay-sur-Lignon
2022/01/01 00:00:00,2022/12/31 23:59:59,ATMO AUVERGNE-RHÔNE-ALPES,FR84ZRE02,ZR AUVERGNE-RHONE-ALPES,FR07057,Moulins Centre,Urbaine,O3,Fond,Oui,mesures fixes,Moy. annuelle,54.0,54.10448295782791,µg-m3,,,,R,1,46.5619722,3.34063888888888,Yzeure
2022/01/01 00:00:00,2022/12/31 23:59:59,ATMO AUVERGNE-RHÔNE-ALPES,FR84ZRE02,ZR AUVERGNE-RHONE-ALPES,FR07058,Montluçon,Urbaine,O3,Fond,Oui,mesures indicatives,Moy. annuelle,49.0,48.61806650668504,µg-m3,,,,R,1,46.340723,2.593945,Montluçon
2022/01/01 00:00:00,2022/12/31 23:59:59,ATMO AUVERGNE-RHÔNE-ALPES,FR84ZRE02,ZR AUVERGNE-RHONE-ALPES,FR07059,Vichy,Urbaine,O3,Fond,Oui,mesures indicatives,Moy. annuelle,52.0,51.568973110802034,µg-m3,,,,R,1,46.130431,3.425694,Vichy
2022/01/01 00:00:00,2022/12/31 23:59:59,ATMO AUVERGNE-RHÔNE-ALPES,FR84ZAG04,ZAG CLERMONT-FERRAND,FR07060,Royat Périurbaine,Périurbaine,O3,Fond,Oui,mesures fixes,Moy. annuelle,64.0,63.7350948196112,µg-m3,,,,R,1,45.764111,3.046111,Royat
2022/01/01 00:00:00,2022/12/31 23:59:59,ATMO AUVERGNE-RHÔNE-ALPES,FR84ZAG04,ZAG CLERMONT-FERRAND,FR07061,Riom Périurbaine,Périurbaine,O3,Fond,Oui,mesures indicatives,Moy. annuelle,48.0,47.503405286852,µg-m3,,,,R,1,45.89674,3.122254,Riom
2022/01/01 00:00:00,2022/12/31 23:59:59,ATMO OCCITANIE,FR76ZAG02,ZAG MONTPELLIER,FR08016,Montpellier Prés d'Arènes,Urbaine,O3,Fond,Oui,mesures fixes,Moy. annuelle,55.0,55.17689060851216,µg-m3,,,,R,1,43.5915,3.88681,Montpellier
2022/01/01 00:00:00,2022/12/31 23:59:59,ATMO OCCITANIE,FR76ZAG02,ZAG MONTPELLIER,FR08017,Montpellier Périurbaine Sud (Lattes),Périurbaine,O3,Fond,Oui,mesures indicatives,Moy. annuelle,63.0,63.27293561724751,µg-m3,,,,R,1,43.5705,3.9118,Lattes
2022/01/01 00:00:00,2022/12/31 23:59:59,ATMO OCCITANIE,FR76ZAG02,ZAG MONTPELLIER,FR08018,Montpellier St Gely,Périurbaine,O3,Fond,Oui,mesures fixes,Moy. annuelle,67.0,67.44010887190167,µg-m3,,,,R,1,43.6926,3.80021,Saint-Gély-du-Fesc
2022/01/01 00:00:00,2022/12/31 23:59:59,ATMO OCCITANIE,FR76ZRE01,ZR OCCITANIE,FR08022,Agathois-piscénois,Périurbaine,O3,Fond,Oui,mesures fixes,Moy. annuelle,67.0,67.48597637885578,µg-m3,,,,R,1,43.2875,3.50484,Agde
2022/01/01 00:00:00,2022/12/31 23:59:59,ATMO OCCITANIE,FR76ZRE01,ZR OCCITANIE,FR08023,Biterrois-Narbonnais,Rurale régionale,O3,Fond,Oui,mesures fixes,Moy. annuelle,68.0,67.71366619784344,µg-m3,,,,R,1,43.4068,3.18878,Corneilhan
2022/01/01 00:00:00,2022/12/31 23:59:59,ATMO OCCITANIE,FR76ZRE01,ZR OCCITANIE,FR08209,Gard Rhodanien2,Rurale près des villes,O3,Fond,Oui,mesures fixes,Moy. annuelle,64.0,64.47826490373451,µg-m3,,,,R,1,43.9426,4.67958,Saze
2022/01/01 00:00:00,2022/12/31 23:59:59,ATMO OCCITANIE,FR76ZAR02,ZAR NIMES,FR08614,Nimes Gauzy,Urbaine,O3,Fond,Oui,mesures fixes,Moy. annuelle,60.0,60.46609795728868,µg-m3,,,,R,1,43.8344,4.3744,Nîmes
2022/01/01 00:00:00,2022/12/31 23:59:59,ATMO OCCITANIE,FR76ZAR02,ZAR NIMES,FR08617,Nimes La Calmette,Périurbaine,O3,Fond,Oui,mesures fixes,Moy. annuelle,56.0,55.9969360308736,µg-m3,,,,R,1,43.9254,4.26581,La Calmette
2022/01/01 00:00:00,2022/12/31 23:59:59,ATMO OCCITANIE,FR76ZAR01,ZAR PERPIGNAN,FR08712,Perpignan St Esteve,Périurbaine,O3,Fond,Oui,mesures fixes,Moy. annuelle,67.0,66.7531121281465,µg-m3,,,,R,1,42.7198,2.83988,Saint-Estève
2022/01/01 00:00:00,2022/12/31 23:59:59,ATMO OCCITANIE,FR76ZAR01,ZAR PERPIGNAN,FR08714,Perpignan Les Carmes,Urbaine,O3,Fond,Oui,mesures fixes,Moy. annuelle,61.0,61.08828442176076,µg-m3,,,,R,1,42.6955,2.90053,Perpignan
2022/01/01 00:00:00,2022/12/31 23:59:59,ATMO NOUVELLE-AQUITAINE,FR75ZRE02,ZR NOUVELLE-AQUITAINE,FR09003,place de VERDUN,Urbaine,O3,Fond,Oui,mesures fixes,Moy. annuelle,57.0,57.321926444833565,µg-m3,,,,R,1,46.162647,-1.153684,La Rochelle
2022/01/01 00:00:00,2022/12/31 23:59:59,ATMO NOUVELLE-AQUITAINE,FR75ZRE02,ZR NOUVELLE-AQUITAINE,FR09008,Aytré,Périurbaine,O3,Fond,Oui,mesures fixes,Moy. annuelle,60.0,59.50691085003455,µg-m3,,,,R,1,46.135134,-1.117086,Aytré
2022/01/01 00:00:00,2022/12/31 23:59:59,ATMO NOUVELLE-AQUITAINE,FR75ZRE02,ZR NOUVELLE-AQUITAINE,FR09015,Les Couronneries,Urbaine,O3,Fond,Oui,mesures fixes,Moy. annuelle,58.0,58.13418834296723,µg-m3,,,,R,1,46.586958,0.358458,Poitiers
2022/01/01 00:00:00,2022/12/31 23:59:59,ATMO NOUVELLE-AQUITAINE,FR75ZRE02,ZR NOUVELLE-AQUITAINE,FR09103,Square Pablo Casals,Urbaine,O3,Fond,Oui,mesures fixes,Moy. annuelle,53.0,53.06249562273846,µg-m3,,,,R,1,45.647428,0.167162,Angoulême
2022/01/01 00:00:00,2022/12/31 23:59:59,ATMO NOUVELLE-AQUITAINE,FR75ZRE02,ZR NOUVELLE-AQUITAINE,FR09302,Zoodyssée Chizé,Rurale régionale,O3,Fond,Oui,mesures fixes,Moy. annuelle,58.0,58.24894823918699,µg-m3,,,,R,1,46.143234,-0.395913,Villiers-en-Bois
2022/01/01 00:00:00,2022/12/31 23:59:59,ATMO NOUVELLE-AQUITAINE,FR75ZRE02,ZR NOUVELLE-AQUITAINE,FR09303,Niort Venise,Urbaine,O3,Fond,Oui,mesures fixes,Moy. annuelle,59.0,59.37772812793992,µg-m3,,,,R,1,46.320028,-0.482861,Niort
2022/01/01 00:00:00,2022/12/31 23:59:59,ATMO NOUVELLE-AQUITAINE,FR75ZRE02,ZR NOUVELLE-AQUITAINE,FR09304,AIRVAULT - Stade Laillé,Périurbaine,O3,Fond,Oui,mesures fixes,Moy. annuelle,61.0,60.57005523563296,µg-m3,,,,R,1,46.823796,-0.135634,Airvault
2022/01/01 00:00:00,2022/12/31 23:59:59,ATMO NOUVELLE-AQUITAINE,FR75ZRE02,ZR NOUVELLE-AQUITAINE,FR09404,Poitiers Centre  Augouard,Urbaine,O3,Fond,Oui,mesures fixes,Moy. annuelle,50.0,50.368693044180446,µg-m3,,,,R,1,46.583998,0.345582,Poitiers
2022/01/01 00:00:00,2022/12/31 23:59:59,ATMO HAUTS DE FRANCE,FR32ZAR01,ZAR COTE-D-OPALE,FR10017,St Pol mer - cheminots,Urbaine,O3,Fond,Oui,mesures fixes,Moy. annuelle,55.0,54.56162034299223,µg-m3,,,,R,1,51.032761,2.332358,Dunkerque
2022/01/01 00:00:00,2022/12/31 23:59:59,ATMO HAUTS DE FRANCE,FR32ZAR01,ZAR COTE-D-OPALE,FR10025,Sangatte,Périurbaine,O3,Fond,Oui,mesures fixes,Moy. annuelle,51.0,51.39657192720016,µg-m3,,,,R,1,50.94989,1.76917,Sangatte
2022/01/01 00:00:00,2022/12/31 23:59:59,ATMO HAUTS DE FRANCE,FR32ZAR01,ZAR COTE-D-OPALE,FR10026,Calais Parmentier,Urbaine,O3,Fond,Oui,mesures fixes,Moy. annuelle,55.0,54.58805046706296,µg-m3,,,,R,1,50.9578,1.89008,Calais
2022/01/01 00:00:00,2022/12/31 23:59:59,ATMO HAUTS DE FRANCE,FR32ZAR01,ZAR COTE-D-OPALE,FR10029,Cappelle la Grande,Périurbaine,O3,Fond,Oui,mesures fixes,Moy. annuelle,54.0,53.72838184931455,µg-m3,,,,N,-1,50.99594,2.36627,Cappelle-la-Grande
2022/01/01 00:00:00,2022/12/31 23:59:59,ATMO HAUTS DE FRANCE,FR32ZAR01,ZAR COTE-D-OPALE,FR10032,Outreau,Périurbaine,O3,Fond,Oui,mesures fixes,Moy. annuelle,60.0,60.11224489795924,µg-m3,,,,R,1,50.69435,1.57657,Outreau
2022/01/01 00:00:00,2022/12/31 23:59:59,ATMO HAUTS DE FRANCE,FR32ZAR01,ZAR COTE-D-OPALE,FR10041,St Omer Ribot,Urbaine,O3,Fond,Oui,mesures fixes,Moy. annuelle,48.0,47.974393002563566,µg-m3,,,,N,-1,50.74823,2.25978,Saint-Omer
2022/01/01 00:00:00,2022/12/31 23:59:59,ATMO HAUTS DE FRANCE,FR32ZRE01,ZR HAUTS-DE-FRANCE,FR10132,Campagne les B.,Rurale régionale,O3,Fond,Oui,mesures fixes,Moy. annuelle,63.0,63.01771391247538,µg-m3,,,,R,1,50.61048,1.99145,Campagne-lès-Boulonnais
2022/01/01 00:00:00,2022/12/31 23:59:59,ATMO HAUTS DE FRANCE,FR32ZAG02,ZAG LILLE,FR11016,Marcq CTM,Urbaine,O3,Fond,Oui,mesures fixes,Moy. annuelle,52.0,51.54306122448979,µg-m3,,,,R,1,50.67003,3.07656,Marcq-en-Barœul
2022/01/01 00:00:00,2022/12/31 23:59:59,ATMO HAUTS DE FRANCE,FR32ZAG02,ZAG LILLE,FR11025,Lille Fives,Urbaine,O3,Fond,Oui,mesures fixes,Moy. annuelle,47.0,46.829113924050645,µg-m3,,,,N,-1,50.62805,3.09031,Lille
2022/01/01 00:00:00,2022/12/31 23:59:59,ATMO HAUTS DE FRANCE,FR32ZAG02,ZAG LILLE,FR11026,Halluin stade,Périurbaine,O3,Fond,Oui,mesures fixes,Moy. annuelle,48.0,48.44754982414997,µg-m3,,,,R,1,50.775482,3.12568,Halluin
2022/01/01 00:00:00,2022/12/31 23:59:59,ATMO HAUTS DE FRANCE,FR32ZAG02,ZAG LILLE,FR11114,Wattignies,Périurbaine,O3,Fond,Oui,mesures fixes,Moy. annuelle,52.0,51.86667927382747,µg-m3,,,,R,1,50.59774,3.04946,Wattignies
2022/01/01 00:00:00,2022/12/31 23:59:59,ATMO OCCITANIE,FR76ZAG01,ZAG TOULOUSE,FR12004,ECOLE M.JACQUIER,Urbaine,O3,Fond,Oui,mesures fixes,Moy. annuelle,58.0,57.88555085230526,µg-m3,,,,R,1,43.575694,1.418064,Toulouse
2022/01/01 00:00:00,2022/12/31 23:59:59,ATMO OCCITANIE,FR76ZRE01,ZR OCCITANIE,FR12020,PEYRUSSE,Rurale nationale,O3,Fond,Oui,mesures fixes,Moy. annuelle,67.0,67.02688172043014,µg-m3,,,,R,1,43.6287,0.179069,Peyrusse-Vieille
2022/01/01 00:00:00,2022/12/31 23:59:59,ATMO OCCITANIE,FR76ZRE01,ZR OCCITANIE,FR12029,GAUDONVILLE,Rurale régionale,O3,Fond,Oui,mesures fixes,Moy. annuelle,66.0,66.20842863677952,µg-m3,,,,R,1,43.883933,0.845617,Gaudonville
2022/01/01 00:00:00,2022/12/31 23:59:59,ATMO OCCITANIE,FR76ZAG01,ZAG TOULOUSE,FR12030,Toulouse Berthelot,Urbaine,O3,Fond,Oui,mesures fixes,Moy. annuelle,59.0,58.7547918572736,µg-m3,,,,R,1,43.587344,1.444003,Toulouse
2022/01/01 00:00:00,2022/12/31 23:59:59,ATMO OCCITANIE,FR76ZRE01,ZR OCCITANIE,FR12031,BELESTA EN LAURAGAIS,Rurale régionale,O3,Fond,Oui,mesures fixes,Moy. annuelle,67.0,67.032979337412,µg-m3,,,,R,1,43.44139,1.821944,Bélesta-en-Lauragais
2022/01/01 00:00:00,2022/12/31 23:59:59,ATMO OCCITANIE,FR76ZAG01,ZAG TOULOUSE,FR12041,SICOVAL,Périurbaine,O3,Fond,Oui,mesures fixes,Moy. annuelle,65.0,65.155919395466,µg-m3,,,,R,1,43.457306,1.571469,Montgiscard
2022/01/01 00:00:00,2022/12/31 23:59:59,ATMO OCCITANIE,FR76ZRE01,ZR OCCITANIE,FR12042,LOURDES LAPACCA,Urbaine,O3,Fond,Oui,mesures fixes,Moy. annuelle,57.0,57.03688121641703,µg-m3,,,,R,1,43.096247,-0.040497,Lourdes
2022/01/01 00:00:00,2022/12/31 23:59:59,ATMO OCCITANIE,FR76ZRE01,ZR OCCITANIE,FR12052,Tarbes lycée Dupuy,Urbaine,O3,Fond,Oui,mesures fixes,Moy. annuelle,53.0,53.32721872401097,µg-m3,,,,R,1,43.230297,0.062339,Tarbes
2022/01/01 00:00:00,2022/12/31 23:59:59,ATMO OCCITANIE,FR76ZRE01,ZR OCCITANIE,FR12053,Stade Travet CASTRES,Urbaine,O3,Fond,Oui,mesures fixes,Moy. annuelle,60.0,60.42521105585776,µg-m3,,,,R,1,43.610497,2.23015,Castres
2022/01/01 00:00:00,2022/12/31 23:59:59,ATMO OCCITANIE,FR76ZRE01,ZR OCCITANIE,FR12095,Rodez,Urbaine,O3,Fond,Oui,mesures fixes,Moy. annuelle,63.0,63.012681912681934,µg-m3,,,,R,1,44.35699225,2.57070422,Rodez
2022/01/01 00:00:00,2022/12/31 23:59:59,ATMO GRAND EST,FR44ZRE01,ZR GRAND-EST,FR14008,REVIN,Rurale nationale,O3,Fond,Oui,mesures fixes,Moy. annuelle,63.0,62.7446119682096,µg-m3,,,,R,1,49.90778,4.63,Les Mazures
2022/01/01 00:00:00,2022/12/31 23:59:59,ATMO GRAND EST,FR44ZAR01,ZAR REIMS,FR14010,BETHENY,Périurbaine,O3,Fond,Oui,mesures fixes,Moy. annuelle,54.0,54.45376502330141,µg-m3,,,,R,1,49.28222,4.051111,Bétheny
2022/01/01 00:00:00,2022/12/31 23:59:59,ATMO GRAND EST,FR44ZAR01,ZAR REIMS,FR14012,Jean d Aulan,Urbaine,O3,Fond,Oui,mesures fixes,Moy. annuelle,52.0,51.97590137241214,µg-m3,,,,R,1,49.224167,4.020556,Reims
2022/01/01 00:00:00,2022/12/31 23:59:59,ATMO GRAND EST,FR44ZRE01,ZR GRAND-EST,FR14022,CHALONS,Urbaine,O3,Fond,Oui,mesures fixes,Moy. annuelle,53.0,52.95757575757565,µg-m3,,,,R,1,48.962223,4.36,Châlons-en-Champagne
2022/01/01 00:00:00,2022/12/31 23:59:59,ATMO GRAND EST,FR44ZRE01,ZR GRAND-EST,FR14029,Capitainerie,Périurbaine,O3,Fond,Oui,mesures fixes,Moy. annuelle,56.0,56.18985456251469,µg-m3,,,,R,1,48.7266,4.594781,Vitry-le-François
2022/01/01 00:00:00,2022/12/31 23:59:59,ATMO GRAND EST,FR44ZRE01,ZR GRAND-EST,FR14032,ST PARRES AUX TERTRE,Périurbaine,O3,Fond,Oui,mesures fixes,Moy. annuelle,54.0,53.72403630790993,µg-m3,,,,R,1,48.299168,4.117222,Saint-Parres-aux-Tertres
2022/01/01 00:00:00,2022/12/31 23:59:59,ATMO GRAND EST,FR44ZRE01,ZR GRAND-EST,FR14033,STE SAVINE,Urbaine,O3,Fond,Oui,mesures fixes,Moy. annuelle,50.0,50.06263406758156,µg-m3,,,,R,1,48.295002,4.050278,Sainte-Savine
2022/01/01 00:00:00,2022/12/31 23:59:59,ATMO GRAND EST,FR44ZRE01,ZR GRAND-EST,FR14042,St DIZIER L. Michel,Urbaine,O3,Fond,Oui,mesures fixes,Moy. annuelle,57.0,56.64840151254731,µg-m3,,,,R,1,48.645836,4.966111,Saint-Dizier
2022/01/01 00:00:00,2022/12/31 23:59:59,ATMO GRAND EST,FR44ZRE01,ZR GRAND-EST,FR14051,CHARLEVILLE,Urbaine,O3,Fond,Oui,mesures fixes,Moy. annuelle,50.0,50.44118189148718,µg-m3,,,,R,1,49.745277,4.719167,Charleville-Mézières
2022/01/01 00:00:00,2022/12/31 23:59:59,ATMO AUVERGNE-RHÔNE-ALPES,FR84ZAG02,ZAG GRENOBLE,FR15013,Champ sur Drac,Périurbaine,O3,Fond,Oui,mesures indicatives,Moy. annuelle,50.0,49.53696377228298,µg-m3,,,,R,1,45.07954,5.728653,Champ-sur-Drac
2022/01/01 00:00:00,2022/12/31 23:59:59,ATMO AUVERGNE-RHÔNE-ALPES,FR84ZAG02,ZAG GRENOBLE,FR15018,Voiron Urbain,Urbaine,O3,Fond,Oui,mesures indicatives,Moy. annuelle,48.0,48.386499643790174,µg-m3,,,,R,1,45.360176,5.589419,Voiron
2022/01/01 00:00:00,2022/12/31 23:59:59,ATMO AUVERGNE-RHÔNE-ALPES,FR93ZRE02,ZR PROVENCE-ALPES-COTE-D-AZUR,FR15031,Le Casset2,Rurale nationale,O3,Fond,Oui,mesures indicatives,Moy. annuelle,87.0,86.65793230485848,µg-m3,,,,R,1,44.997,6.4694,Le Monêtier-les-Bains
2022/01/01 00:00:00,2022/12/31 23:59:59,ATMO AUVERGNE-RHÔNE-ALPES,FR84ZAG02,ZAG GRENOBLE,FR15038,St Martin d'Heres,Urbaine,O3,Fond,Oui,mesures indicatives,Moy. annuelle,42.0,41.5110601247205,µg-m3,,,,R,1,45.1828,5.7531,Saint-Martin-d'Hères
2022/01/01 00:00:00,2022/12/31 23:59:59,ATMO AUVERGNE-RHÔNE-ALPES,FR84ZAG02,ZAG GRENOBLE,FR15043,Grenoble Les Frenes,Urbaine,O3,Fond,Oui,mesures fixes,Moy. annuelle,44.0,44.01436973820784,µg-m3,,,,R,1,45.1619,5.7356,Grenoble
2022/01/01 00:00:00,2022/12/31 23:59:59,ATMO AUVERGNE-RHÔNE-ALPES,FR84ZAG02,ZAG GRENOBLE,FR15045,Grenoble PeriurbSud,Périurbaine,O3,Fond,Oui,mesures fixes,Moy. annuelle,51.0,51.464473227709135,µg-m3,,,,R,1,45.0578,5.6767,Vif
2022/01/01 00:00:00,2022/12/31 23:59:59,ATMO AUVERGNE-RHÔNE-ALPES,FR84ZAG02,ZAG GRENOBLE,FR15048,Gresivaudan Periurb,Périurbaine,O3,Fond,Oui,mesures indicatives,Moy. annuelle,43.0,42.84795728876509,µg-m3,,,,R,1,45.2797,5.8822,Crolles
2022/01/01 00:00:00,2022/12/31 23:59:59,ATMO GRAND EST,FR44ZRE01,ZR GRAND-EST,FR16017,Nord-Est Alsace,Rurale régionale,O3,Fond,Oui,mesures fixes,Moy. annuelle,49.0,49.2370065025547,µg-m3,,,,R,1,48.919357,8.158458,Munchhausen
2022/01/01 00:00:00,2022/12/31 23:59:59,ATMO GRAND EST,FR44ZAG01,ZAG STRASBOURG,FR16029,Strasbourg Nord,Urbaine,O3,Fond,Oui,mesures fixes,Moy. annuelle,48.0,48.345318701844434,µg-m3,,,,R,1,48.610363,7.781631,Strasbourg
2022/01/01 00:00:00,2022/12/31 23:59:59,ATMO GRAND EST,FR44ZRE01,ZR GRAND-EST,FR16031,Vosges du Nord,Rurale régionale,O3,Fond,Oui,mesures fixes,Moy. annuelle,65.0,65.27403430972109,µg-m3,,,,R,1,48.85731,7.314175,La Petite-Pierre
2022/01/01 00:00:00,2022/12/31 23:59:59,ATMO GRAND EST,FR44ZAG01,ZAG STRASBOURG,FR16041,Strasbourg Sud 2,Périurbaine,O3,Fond,Oui,mesures fixes,Moy. annuelle,49.0,49.21105556847241,µg-m3,,,,R,1,48.5157,7.687819,Geispolsheim-Gare
2022/01/01 00:00:00,2022/12/31 23:59:59,ATMO GRAND EST,FR44ZRE01,ZR GRAND-EST,FR16064,Colmar Sud,Périurbaine,O3,Fond,Oui,mesures fixes,Moy. annuelle,55.0,54.60901078510948,µg-m3,,,,R,1,48.065414,7.333139,Colmar
2022/01/01 00:00:00,2022/12/31 23:59:59,ATMO GRAND EST,FR44ZRE01,ZR GRAND-EST,FR16065,Mulhouse Est,Périurbaine,O3,Fond,Oui,mesures fixes,Moy. annuelle,61.0,61.17539201098785,µg-m3,,,,R,1,47.723106,7.341603,Mulhouse
2022/01/01 00:00:00,2022/12/31 23:59:59,ATMO GRAND EST,FR44ZRE01,ZR GRAND-EST,FR16066,Mulhouse Sud 2,Urbaine,O3,Fond,Oui,mesures fixes,Moy. annuelle,52.0,51.85097383888439,µg-m3,,,,R,1,47.737415,7.309075,Mulhouse
2022/01/01 00:00:00,2022/12/31 23:59:59,ATMO GRAND EST,FR44ZRE01,ZR GRAND-EST,FR16302,Donon Vosges Moyennes 2,Rurale nationale,O3,Fond,Oui,mesures fixes,Moy. annuelle,70.0,70.33449929808154,µg-m3,,,,R,1,48.492992,7.1298,Grandfontaine
2022/01/01 00:00:00,2022/12/31 23:59:59,ATMO HAUTS DE FRANCE,FR32ZAR03,ZAR CREIL,FR18019,Nogent sur Oise,Périurbaine,O3,Fond,Oui,mesures fixes,Moy. annuelle,29.0,28.52163865546218,µg-m3,,,,N,-1,49.276386,2.482167,Nogent-sur-Oise
2022/01/01 00:00:00,2022/12/31 23:59:59,ATMO HAUTS DE FRANCE,FR32ZAR02,ZAR AMIENS,FR18035,Salouel,Périurbaine,O3,Fond,Oui,mesures fixes,Moy. annuelle,45.0,45.48333333333337,µg-m3,,,,R,1,49.86889,2.239806,Salouël
2022/01/01 00:00:00,2022/12/31 23:59:59,ATMO HAUTS DE FRANCE,FR32ZRE01,ZR HAUTS-DE-FRANCE,FR18039,Arrest,Rurale régionale,O3,Fond,Oui,mesures fixes,Moy. annuelle,57.0,56.54656654820593,µg-m3,,,,R,1,50.129448,1.610833,Arrest
2022/01/01 00:00:00,2022/12/31 23:59:59,ATMO HAUTS DE FRANCE,FR32ZRE01,ZR HAUTS-DE-FRANCE,FR18042,P. Roth St Quentin,Urbaine,O3,Fond,Oui,mesures fixes,Moy. annuelle,52.0,51.52490701999068,µg-m3,,,,R,1,49.851334,3.284,Saint-Quentin
2022/01/01 00:00:00,2022/12/31 23:59:59,ATMO HAUTS DE FRANCE,FR32ZAR03,ZAR CREIL,FR18043,Faiencerie Creil,Urbaine,O3,Fond,Oui,mesures fixes,Moy. annuelle,48.0,48.32370387946379,µg-m3,,,,R,1,49.259552,2.474397,Creil
2022/01/01 00:00:00,2022/12/31 23:59:59,ATMO HAUTS DE FRANCE,FR32ZRE01,ZR HAUTS-DE-FRANCE,FR18045,Roye,Rurale près des villes,O3,Fond,Oui,mesures fixes,Moy. annuelle,54.0,53.735193607867245,µg-m3,,,,R,1,49.696697,2.801139,Roye
2022/01/01 00:00:00,2022/12/31 23:59:59,ATMO HAUTS DE FRANCE,FR32ZAR02,ZAR AMIENS,FR18053,St Pierre Amiens,Urbaine,O3,Fond,Oui,mesures fixes,Moy. annuelle,46.0,46.09747161418706,µg-m3,,,,R,1,49.901667,2.304597,Amiens
2022/01/01 00:00:00,2022/12/31 23:59:59,ATMO HAUTS DE FRANCE,FR32ZRE01,ZR HAUTS-DE-FRANCE,FR18057,Neuilly-Saint-Front,Rurale régionale,O3,Fond,Oui,mesures fixes,Moy. annuelle,52.0,52.312258953168005,µg-m3,,,,R,1,49.174931,3.260819,Neuilly-Saint-Front
2022/01/01 00:00:00,2022/12/31 23:59:59,AIR BREIZH,FR53ZAG01,ZAG RENNES,FR19010,Rennes St-Yves,Urbaine,O3,Fond,Oui,mesures fixes,Moy. annuelle,57.0,57.2009800226159,µg-m3,,,,R,1,48.11078,-1.68293,Rennes
2022/01/01 00:00:00,2022/12/31 23:59:59,AIR BREIZH,FR53ZAR01,ZAR BREST,FR19012,Brest Mace,Urbaine,O3,Fond,Oui,mesures fixes,Moy. annuelle,62.0,62.20512672811064,µg-m3,,,,R,1,48.38618,-4.4866,Brest
2022/01/01 00:00:00,2022/12/31 23:59:59,AIR BREIZH,FR53ZAR01,ZAR BREST,FR19016,BREST Plouzané,Périurbaine,O3,Fond,Oui,mesures fixes,Moy. annuelle,68.0,67.91947517062846,µg-m3,,,,R,1,48.359444,-4.568055,Plouzané
2022/01/01 00:00:00,2022/12/31 23:59:59,AIR BREIZH,FR53ZAG01,ZAG RENNES,FR19018,MORDELLES BELLAIS,Périurbaine,O3,Fond,Oui,mesures fixes,Moy. annuelle,56.0,55.99689150264042,µg-m3,,,,R,1,48.082883,-1.834583,Mordelles
2022/01/01 00:00:00,2022/12/31 23:59:59,AIR BREIZH,FR53ZRE01,ZR BRETAGNE,FR19020,Kergoff,Rurale nationale,O3,Fond,Oui,mesures fixes,Moy. annuelle,68.0,68.29638852826619,µg-m3,,,,R,1,48.261963,-2.943631,Merléac
2022/01/01 00:00:00,2022/12/31 23:59:59,AIR BREIZH,FR53ZRE01,ZR BRETAGNE,FR19032,Lorient B. Bissonnet,Urbaine,O3,Fond,Oui,mesures fixes,Moy. annuelle,64.0,63.59783418723795,µg-m3,,,,R,1,47.7425,-3.39501,Lorient
2022/01/01 00:00:00,2022/12/31 23:59:59,AIR BREIZH,FR53ZRE01,ZR BRETAGNE,FR19033,Vannes UTA,Urbaine,O3,Fond,Oui,mesures fixes,Moy. annuelle,62.0,62.21686622150602,µg-m3,,,,R,1,47.64892,-2.76399,Vannes
2022/01/01 00:00:00,2022/12/31 23:59:59,AIR BREIZH,FR53ZAG01,ZAG RENNES,FR19039,Rennes Thabor,Urbaine,O3,Fond,Oui,mesures fixes,Moy. annuelle,43.0,43.19690909090908,µg-m3,,,,N,-1,48.11521,-1.673088,Rennes
2022/01/01 00:00:00,2022/12/31 23:59:59,AIR BREIZH,FR53ZRE01,ZR BRETAGNE,FR19053,Quimper Zola,Urbaine,O3,Fond,Oui,mesures fixes,Moy. annuelle,60.0,59.87404668361455,µg-m3,,,,R,1,47.986606,-4.097658,Quimper
2022/01/01 00:00:00,2022/12/31 23:59:59,AIR BREIZH,FR53ZRE01,ZR BRETAGNE,FR19061,Saint Brieuc Balzac,Urbaine,O3,Fond,Oui,mesures fixes,Moy. annuelle,60.0,59.75255381035485,µg-m3,,,,R,1,48.51351,-2.74953,Saint-Brieuc
2022/01/01 00:00:00,2022/12/31 23:59:59,AIR BREIZH,FR53ZRE01,ZR BRETAGNE,FR19082,StMalo Rocabey,Périurbaine,O3,Fond,Oui,mesures fixes,Moy. annuelle,60.0,60.480355276907126,µg-m3,,,,R,1,48.65306,-2.00268,Saint-Malo
2022/01/01 00:00:00,2022/12/31 23:59:59,ATMO AUVERGNE-RHÔNE-ALPES,FR84ZAG01,ZAG LYON,FR20017,GERLAND,Urbaine,O3,Fond,Oui,mesures indicatives,Moy. annuelle,54.0,54.023940729855546,µg-m3,,,,R,1,45.73529,4.829794,Lyon
2022/01/01 00:00:00,2022/12/31 23:59:59,ATMO AUVERGNE-RHÔNE-ALPES,FR84ZAG01,ZAG LYON,FR20037,TERNAY,Périurbaine,O3,Fond,Oui,mesures fixes,Moy. annuelle,57.0,56.585467208357535,µg-m3,,,,R,1,45.6019,4.8022,Ternay
2022/01/01 00:00:00,2022/12/31 23:59:59,ATMO AUVERGNE-RHÔNE-ALPES,FR84ZAG01,ZAG LYON,FR20046,VAULX EN VELIN,Urbaine,O3,Fond,Oui,mesures indicatives,Moy. annuelle,53.0,52.65677441540574,µg-m3,,,,R,1,45.7789,4.9247,Vaulx-en-Velin
2022/01/01 00:00:00,2022/12/31 23:59:59,ATMO AUVERGNE-RHÔNE-ALPES,FR84ZAG01,ZAG LYON,FR20047,COTIERE AIN,Périurbaine,O3,Fond,Oui,mesures indicatives,Moy. annuelle,55.0,55.11143526654948,µg-m3,,,,R,1,45.823223,4.953958,Miribel
2022/01/01 00:00:00,2022/12/31 23:59:59,ATMO AUVERGNE-RHÔNE-ALPES,FR84ZAG01,ZAG LYON,FR20048,SAINT EXUPERY,Périurbaine,O3,Fond,Oui,mesures fixes,Moy. annuelle,54.0,54.11002687857904,µg-m3,,,,R,1,45.7533,5.0722,Pusignan
2022/01/01 00:00:00,2022/12/31 23:59:59,ATMO AUVERGNE-RHÔNE-ALPES,FR84ZRE02,ZR AUVERGNE-RHONE-ALPES,FR20049,HAUT BEAUJOLAIS,Rurale près des villes,O3,Fond,Oui,mesures fixes,Moy. annuelle,73.0,72.69572649572643,µg-m3,,,,R,1,45.96141,4.465711,Dième
2022/01/01 00:00:00,2022/12/31 23:59:59,ATMO AUVERGNE-RHÔNE-ALPES,FR84ZAG01,ZAG LYON,FR20062,LYON Centre,Urbaine,O3,Fond,Oui,mesures fixes,Moy. annuelle,50.0,50.08304210155984,µg-m3,,,,R,1,45.757732,4.854214,Lyon
2022/01/01 00:00:00,2022/12/31 23:59:59,ATMO AUVERGNE-RHÔNE-ALPES,FR84ZAG01,ZAG LYON,FR20077,Villefranche Centre ,Urbaine,O3,Fond,Oui,mesures indicatives,Moy. annuelle,40.0,40.18016423779783,µg-m3,,,,R,1,45.990112,4.715566,Villefranche-sur-Saône
2022/01/01 00:00:00,2022/12/31 23:59:59,ATMO NORMANDIE,FR28ZAR02,ZAR CAEN,FR21001,Caen Chemin-Vert,Urbaine,O3,Fond,Oui,mesures fixes,Moy. annuelle,55.0,54.745614644884654,µg-m3,,,,R,1,49.19222,-0.391111,Caen
2022/01/01 00:00:00,2022/12/31 23:59:59,ATMO NORMANDIE,FR28ZAR02,ZAR CAEN,FR21017,Ouistreham,Périurbaine,O3,Fond,Oui,mesures fixes,Moy. annuelle,57.0,57.16889732091522,µg-m3,,,,R,1,49.289444,-0.257778,Ouistreham
2022/01/01 00:00:00,2022/12/31 23:59:59,ATMO NORMANDIE,FR28ZAR02,ZAR CAEN,FR21019,IFS Caen sud,Urbaine,O3,Fond,Oui,mesures fixes,Moy. annuelle,50.0,49.7613712132193,µg-m3,,,,N,-1,49.15167,-0.352778,Ifs
2022/01/01 00:00:00,2022/12/31 23:59:59,ATMO NORMANDIE,FR28ZRE02,ZR NORMANDIE,FR21021,Lisieux,Urbaine,O3,Fond,Oui,mesures fixes,Moy. annuelle,50.0,49.730143595634736,µg-m3,,,,R,1,49.147224,0.227222,Lisieux
2022/01/01 00:00:00,2022/12/31 23:59:59,ATMO NORMANDIE,FR28ZRE02,ZR NORMANDIE,FR21031,Alençon Météo-France,Périurbaine,O3,Fond,Oui,mesures fixes,Moy. annuelle,57.0,57.01336201883935,µg-m3,,,,R,1,48.445553,0.110833,Cerisé
2022/01/01 00:00:00,2022/12/31 23:59:59,ATMO NORMANDIE,FR28ZRE02,ZR NORMANDIE,FR21038,Cherbourg Hotel de Ville,Urbaine,O3,Fond,Oui,mesures fixes,Moy. annuelle,61.0,61.00117536436302,µg-m3,,,,R,1,49.64225,-1.624361,Cherbourg-en-Cotentin
2022/01/01 00:00:00,2022/12/31 23:59:59,ATMO NORMANDIE,FR28ZRE02,ZR NORMANDIE,FR21040,Saint-Lô Eglise,Urbaine,O3,Fond,Oui,mesures fixes,Moy. annuelle,57.0,57.49691725876698,µg-m3,,,,R,1,49.11639,-1.084722,Saint-Lô
2022/01/01 00:00:00,2022/12/31 23:59:59,ATMO NORMANDIE,FR28ZRE02,ZR NORMANDIE,FR21050,La Coulonche MERA,Rurale nationale,O3,Fond,Oui,mesures fixes,Moy. annuelle,68.0,68.35079328581274,µg-m3,,,,R,1,48.645,-0.458333,La Coulonche
2022/01/01 00:00:00,2022/12/31 23:59:59,ATMO GRAND EST,FR44ZRE01,ZR GRAND-EST,FR22019,SCHOENECK (19),Périurbaine,O3,Fond,Oui,mesures fixes,Moy. annuelle,57.0,57.44719251336908,µg-m3,,,,R,1,49.220364,6.925833,Schœneck
2022/01/01 00:00:00,2022/12/31 23:59:59,ATMO GRAND EST,FR44ZRE01,ZR GRAND-EST,FR22054,Station de FORBACH,Urbaine,O3,Fond,Oui,mesures fixes,Moy. annuelle,60.0,59.578854280795206,µg-m3,,,,N,-1,49.18742,6.910867,Forbach
2022/01/01 00:00:00,2022/12/31 23:59:59,AIR PAYS DE LA LOIRE,FR52ZRE01,ZR PAYS-DE-LA-LOIRE,FR23078,SAINT EXUPERY,Urbaine,O3,Fond,Oui,mesures fixes,Moy. annuelle,59.0,59.16091585575277,µg-m3,,,,R,1,47.054443,-0.886111,Cholet
2022/01/01 00:00:00,2022/12/31 23:59:59,AIR PAYS DE LA LOIRE,FR52ZAG01,ZAG NANTES-SAINT-NAZAIRE,FR23110,LEON BLUM,Urbaine,O3,Fond,Oui,mesures fixes,Moy. annuelle,62.0,61.76157380815618,µg-m3,,,,R,1,47.26412,-2.249858,Saint-Nazaire
2022/01/01 00:00:00,2022/12/31 23:59:59,AIR PAYS DE LA LOIRE,FR52ZAR03,ZAR LAVAL,FR23123,MAZAGRAN,Urbaine,O3,Fond,Oui,mesures fixes,Moy. annuelle,55.0,54.98716773602212,µg-m3,,,,R,1,48.06943,-0.767692,Laval
2022/01/01 00:00:00,2022/12/31 23:59:59,AIR PAYS DE LA LOIRE,FR52ZRE01,ZR PAYS-DE-LA-LOIRE,FR23124,LA TARDIERE,Rurale nationale,O3,Fond,Oui,mesures fixes,Moy. annuelle,59.0,58.59189374856901,µg-m3,,,,R,1,46.656685,-0.743681,Terval
2022/01/01 00:00:00,2022/12/31 23:59:59,AIR PAYS DE LA LOIRE,FR52ZAR01,ZAR ANGERS-LOIRE,FR23150,APPENTIS,Urbaine,O3,Fond,Oui,mesures fixes,Moy. annuelle,59.0,58.61301700367641,µg-m3,,,,R,1,47.44739,-0.550067,Angers
2022/01/01 00:00:00,2022/12/31 23:59:59,AIR PAYS DE LA LOIRE,FR52ZRE01,ZR PAYS-DE-LA-LOIRE,FR23152,DELACROIX,Urbaine,O3,Fond,Oui,mesures fixes,Moy. annuelle,57.0,57.49336612146863,µg-m3,,,,R,1,46.6607,-1.436831,La Roche-sur-Yon
2022/01/01 00:00:00,2022/12/31 23:59:59,AIR PAYS DE LA LOIRE,FR52ZAG01,ZAG NANTES-SAINT-NAZAIRE,FR23157,EPINETTES,Périurbaine,O3,Fond,Oui,mesures fixes,Moy. annuelle,62.0,62.35889845094665,µg-m3,,,,R,1,47.146088,-1.690269,Bouaye
2022/01/01 00:00:00,2022/12/31 23:59:59,AIR PAYS DE LA LOIRE,FR52ZRE01,ZR PAYS-DE-LA-LOIRE,FR23163,Fillé,Périurbaine,O3,Fond,Oui,mesures fixes,Moy. annuelle,54.0,53.98735751295329,µg-m3,,,,R,1,47.92192,0.151825,Spay
2022/01/01 00:00:00,2022/12/31 23:59:59,AIR PAYS DE LA LOIRE,FR52ZAR01,ZAR ANGERS-LOIRE,FR23175,CLOS DES BEAUVAIS,Périurbaine,O3,Fond,Oui,mesures fixes,Moy. annuelle,59.0,59.43006416131985,µg-m3,,,,R,1,47.430164,-0.610064,Bouchemaine
2022/01/01 00:00:00,2022/12/31 23:59:59,AIR PAYS DE LA LOIRE,FR52ZRE01,ZR PAYS-DE-LA-LOIRE,FR23177,SAINT-DENIS D'ANJOU,Rurale régionale,O3,Fond,Oui,mesures fixes,Moy. annuelle,59.0,59.362010062010114,µg-m3,,,,R,1,47.78773,-0.444044,Saint-Denis-d'Anjou
2022/01/01 00:00:00,2022/12/31 23:59:59,AIR PAYS DE LA LOIRE,FR52ZAR02,ZAR LE-MANS,FR23182,SOURCES,Urbaine,O3,Fond,Oui,mesures fixes,Moy. annuelle,60.0,59.69657043879918,µg-m3,,,,R,1,47.971066,0.221422,Le Mans
2022/01/01 00:00:00,2022/12/31 23:59:59,AIR PAYS DE LA LOIRE,FR52ZAG01,ZAG NANTES-SAINT-NAZAIRE,FR23188,CIM BOUTEILLERIE,Urbaine,O3,Fond,Oui,mesures fixes,Moy. annuelle,57.0,56.577105657333824,µg-m3,,,,R,1,47.2225,-1.5375,Nantes
2022/01/01 00:00:00,2022/12/31 23:59:59,AIR PAYS DE LA LOIRE,FR52ZAG01,ZAG NANTES-SAINT-NAZAIRE,FR23230,GASPARD,Périurbaine,O3,Fond,Oui,mesures fixes,Moy. annuelle,66.0,65.79370853351638,µg-m3,,,,R,1,47.253056,-2.332067,Pornichet
2022/01/01 00:00:00,2022/12/31 23:59:59,ATMO SUD,FR93ZAG02,ZAG NICE,FR24007,ANTIBES JEAN MOULIN,Périurbaine,O3,Fond,Oui,mesures fixes,Moy. annuelle,56.0,55.77617848970251,µg-m3,,,,R,1,43.598803,7.093153,Antibes
2022/01/01 00:00:00,2022/12/31 23:59:59,ATMO SUD,FR93ZAG02,ZAG NICE,FR24009,CANNES BROUSSAILLES,Urbaine,O3,Fond,Oui,mesures fixes,Moy. annuelle,66.0,66.4138175985335,µg-m3,,,,R,1,43.558389,7.005919,Cannes
2022/01/01 00:00:00,2022/12/31 23:59:59,ATMO SUD,FR93ZAG02,ZAG NICE,FR24011,NICE OUEST BOTANIQUE,Périurbaine,O3,Fond,Oui,mesures fixes,Moy. annuelle,73.0,72.57943361188478,µg-m3,,,,R,1,43.685188,7.211174,Nice
2022/01/01 00:00:00,2022/12/31 23:59:59,ATMO SUD,FR93ZRE02,ZR PROVENCE-ALPES-COTE-D-AZUR,FR24014,CIANS,Rurale régionale,O3,Fond,Oui,mesures fixes,Moy. annuelle,79.0,78.5814120370371,µg-m3,,,,R,1,44.094688,6.988978,Beuil
2022/01/01 00:00:00,2022/12/31 23:59:59,ATMO SUD,FR93ZRE02,ZR PROVENCE-ALPES-COTE-D-AZUR,FR24018,MANOSQUE,Urbaine,O3,Fond,Oui,mesures fixes,Moy. annuelle,68.0,67.72838821490481,µg-m3,,,,R,1,43.835784,5.786131,Manosque
2022/01/01 00:00:00,2022/12/31 23:59:59,ATMO SUD,FR93ZRE02,ZR PROVENCE-ALPES-COTE-D-AZUR,FR24033,GAP COMMANDERIE,Urbaine,O3,Fond,Oui,mesures fixes,Moy. annuelle,53.0,53.43559639470908,µg-m3,,,,R,1,44.555193,6.073015,Gap
2022/01/01 00:00:00,2022/12/31 23:59:59,ATMO SUD,FR93ZAG02,ZAG NICE,FR24036,NICE ARSON,Urbaine,O3,Fond,Oui,mesures fixes,Moy. annuelle,53.0,52.5985454128965,µg-m3,,,,R,1,43.702075,7.286256,Nice
2022/01/01 00:00:00,2022/12/31 23:59:59,ATMO SUD,FR93ZRE02,ZR PROVENCE-ALPES-COTE-D-AZUR,FR24039,Obs Haute-Provence,Rurale près des villes,O3,Fond,Oui,mesures fixes,Moy. annuelle,86.0,85.72449850126824,µg-m3,,,,R,1,43.933476,5.711809,Saint-Michel-l'Observatoire
2022/01/01 00:00:00,2022/12/31 23:59:59,ATMO SUD,FR93ZRE02,ZR PROVENCE-ALPES-COTE-D-AZUR,FR24040,Cheiron,Rurale régionale,O3,Fond,Oui,mesures fixes,Moy. annuelle,87.0,87.03788990825693,µg-m3,,,,R,1,43.791911,7.048276,Coursegoules
2022/01/01 00:00:00,2022/12/31 23:59:59,ATMO NORMANDIE,FR28ZAG01,ZAG ROUEN,FR25036,Espace du Palais,Urbaine,O3,Fond,Oui,mesures fixes,Moy. annuelle,47.0,47.20705937353917,µg-m3,,,,R,1,49.442358,1.093789,Rouen
2022/01/01 00:00:00,2022/12/31 23:59:59,ATMO NORMANDIE,FR28ZRE02,ZR NORMANDIE,FR25039,Evreux Centre,Urbaine,O3,Fond,Oui,mesures fixes,Moy. annuelle,54.0,54.390934579439325,µg-m3,,,,R,1,49.02134,1.148319,Évreux
2022/01/01 00:00:00,2022/12/31 23:59:59,ATMO NORMANDIE,FR28ZAG01,ZAG ROUEN,FR25040,Mesnil Esnard,Périurbaine,O3,Fond,Oui,mesures fixes,Moy. annuelle,64.0,63.625138568129245,µg-m3,,,,R,1,49.40619,1.15515,Le Mesnil-Esnard
2022/01/01 00:00:00,2022/12/31 23:59:59,ATMO NORMANDIE,FR28ZAG01,ZAG ROUEN,FR25043,Centre Hospitalier,Urbaine,O3,Fond,Oui,mesures fixes,Moy. annuelle,53.0,52.77852047860112,µg-m3,,,,R,1,49.4005,1.099042,Sotteville-lès-Rouen
2022/01/01 00:00:00,2022/12/31 23:59:59,ATMO NORMANDIE,FR28ZRE02,ZR NORMANDIE,FR25049,Base loisirs Poses,Rurale près des villes,O3,Fond,Oui,mesures fixes,Moy. annuelle,58.0,57.506434761961366,µg-m3,,,,R,1,49.30487,1.214367,Val-de-Reuil
2022/01/01 00:00:00,2022/12/31 23:59:59,ATMO NORMANDIE,FR28ZRE02,ZR NORMANDIE,FR25050,Bures-en-bray,Rurale régionale,O3,Fond,Oui,mesures fixes,Moy. annuelle,57.0,56.81868408986711,µg-m3,,,,R,1,49.78122,1.345083,Bures-en-Bray
2022/01/01 00:00:00,2022/12/31 23:59:59,ATMO NORMANDIE,FR28ZRE02,ZR NORMANDIE,FR25055,Dieppe Golf,Périurbaine,O3,Fond,Oui,mesures fixes,Moy. annuelle,62.0,62.28349018240959,µg-m3,,,,R,1,49.920492,1.047892,Dieppe
2022/01/01 00:00:00,2022/12/31 23:59:59,ATMO BOURGOGNE-FRANCHE-COMTE,FR27ZAR02,ZAR DIJON,FR26005,Dijon Péjoces,Périurbaine,O3,Fond,Oui,mesures fixes,Moy. annuelle,57.0,57.25487549453112,µg-m3,,,,R,1,47.307368,5.065881,Dijon
2022/01/01 00:00:00,2022/12/31 23:59:59,ATMO BOURGOGNE-FRANCHE-COMTE,FR27ZAR02,ZAR DIJON,FR26010,Daix,Périurbaine,O3,Fond,Oui,mesures fixes,Moy. annuelle,62.0,62.4871017229172,µg-m3,,,,R,1,47.3456,5.002377,Daix
2022/01/01 00:00:00,2022/12/31 23:59:59,ATMO BOURGOGNE-FRANCHE-COMTE,FR27ZRE01,ZR BOURGOGNE-FRANCHE-COMTE,FR26012,Morvan,Rurale nationale,O3,Fond,Oui,mesures fixes,Moy. annuelle,64.0,64.14311126613187,µg-m3,,,,R,1,47.274762,4.099476,Saint-Brisson
2022/01/01 00:00:00,2022/12/31 23:59:59,ATMO BOURGOGNE-FRANCHE-COMTE,FR27ZRE01,ZR BOURGOGNE-FRANCHE-COMTE,FR26016,Sens,Urbaine,O3,Fond,Oui,mesures fixes,Moy. annuelle,54.0,53.58099537037034,µg-m3,,,,N,-1,48.200436,3.2773,Sens
2022/01/01 00:00:00,2022/12/31 23:59:59,ATMO BOURGOGNE-FRANCHE-COMTE,FR27ZRE01,ZR BOURGOGNE-FRANCHE-COMTE,FR26017,Nevers,Urbaine,O3,Fond,Oui,mesures fixes,Moy. annuelle,52.0,52.1764921525948,µg-m3,,,,R,1,46.996828,3.171092,Nevers
2022/01/01 00:00:00,2022/12/31 23:59:59,ATMO BOURGOGNE-FRANCHE-COMTE,FR27ZRE01,ZR BOURGOGNE-FRANCHE-COMTE,FR26019,Auxerre,Urbaine,O3,Fond,Oui,mesures fixes,Moy. annuelle,58.0,58.167225216780096,µg-m3,,,,R,1,47.800575,3.576189,Auxerre
2022/01/01 00:00:00,2022/12/31 23:59:59,ATMO AUVERGNE-RHÔNE-ALPES,FR84ZAR02,ZAR VALLEE-DU-RHONE,FR27002,ROUSSILLON,Urbaine,O3,Fond,Oui,mesures indicatives,Moy. annuelle,51.0,50.60914015675433,µg-m3,,,,R,1,45.36782,4.805147,Roussillon
2022/01/01 00:00:00,2022/12/31 23:59:59,ATMO AUVERGNE-RHÔNE-ALPES,FR84ZRE02,ZR AUVERGNE-RHONE-ALPES,FR27003,ROCHES DE CONDRIEU,Périurbaine,O3,Fond,Oui,mesures fixes,Moy. annuelle,58.0,58.314081750143934,µg-m3,,,,R,1,45.454517,4.766528,Les Roches-de-Condrieu
2022/01/01 00:00:00,2022/12/31 23:59:59,ATMO AUVERGNE-RHÔNE-ALPES,FR84ZAR02,ZAR VALLEE-DU-RHONE,FR27005,Sablons,Périurbaine,O3,Fond,Oui,mesures indicatives,Moy. annuelle,55.0,55.34580126364168,µg-m3,,,,R,1,45.321845,4.770702,Sablons
2022/01/01 00:00:00,2022/12/31 23:59:59,ATMO AUVERGNE-RHÔNE-ALPES,FR84ZAG01,ZAG LYON,FR27007,Bourgoin-Jallieu,Urbaine,O3,Fond,Oui,mesures indicatives,Moy. annuelle,56.0,55.507373046875045,µg-m3,,,,R,1,45.60822,5.270872,Bourgoin-Jallieu
2022/01/01 00:00:00,2022/12/31 23:59:59,ATMO AUVERGNE-RHÔNE-ALPES,FR84ZRE02,ZR AUVERGNE-RHONE-ALPES,FR27010,Plateau de Bonnevaux,Rurale près des villes,O3,Fond,Oui,mesures fixes,Moy. annuelle,73.0,73.13507032510933,µg-m3,,,,R,1,45.4609,5.181081,Lieudieu
2022/01/01 00:00:00,2022/12/31 23:59:59,ATMO HAUTS DE FRANCE,FR32ZAG01,ZAG BLDV,FR28010,Harnes Serres,Périurbaine,O3,Fond,Oui,mesures fixes,Moy. annuelle,51.0,51.49103988770618,µg-m3,,,,R,1,50.44914,2.9,Harnes
2022/01/01 00:00:00,2022/12/31 23:59:59,ATMO HAUTS DE FRANCE,FR32ZAR04,ZAR ARRAS,FR28022,St-Laurent-Blangy,Périurbaine,O3,Fond,Oui,mesures fixes,Moy. annuelle,51.0,50.93842803030296,µg-m3,,,,N,-1,50.30886,2.807369,Saint-Laurent-Blangy
2022/01/01 00:00:00,2022/12/31 23:59:59,ATMO HAUTS DE FRANCE,FR32ZAG01,ZAG BLDV,FR28028,Bethune Stade,Urbaine,O3,Fond,Oui,mesures fixes,Moy. annuelle,54.0,54.494526257293714,µg-m3,,,,N,-1,50.535385,2.635692,Béthune
2022/01/01 00:00:00,2022/12/31 23:59:59,ATMO HAUTS DE FRANCE,FR32ZAG01,ZAG BLDV,FR28033,Noeux-les-Mines,Périurbaine,O3,Fond,Oui,mesures fixes,Moy. annuelle,53.0,52.73311778876636,µg-m3,,,,R,1,50.48972,2.66642,Verquigneul
2022/01/01 00:00:00,2022/12/31 23:59:59,ATMO AUVERGNE-RHÔNE-ALPES,FR84ZRE02,ZR AUVERGNE-RHONE-ALPES,FR29423,ROANNE,Urbaine,O3,Fond,Oui,mesures indicatives,Moy. annuelle,47.0,46.6049108176974,µg-m3,,,,R,1,46.04111,4.074656,Roanne
2022/01/01 00:00:00,2022/12/31 23:59:59,ATMO AUVERGNE-RHÔNE-ALPES,FR84ZAG03,ZAG SAINT-ETIENNE,FR29424,SAINT ETIENNE SUD,Urbaine,O3,Fond,Oui,mesures indicatives,Moy. annuelle,54.0,53.97522039552073,µg-m3,,,,R,1,45.42009,4.395422,Saint-Étienne
2022/01/01 00:00:00,2022/12/31 23:59:59,ATMO AUVERGNE-RHÔNE-ALPES,FR84ZAG03,ZAG SAINT-ETIENNE,FR29426,SAINT-CHAMOND,Urbaine,O3,Fond,Oui,mesures indicatives,Moy. annuelle,52.0,51.87739441495487,µg-m3,,,,R,1,45.475327,4.515003,Saint-Chamond
2022/01/01 00:00:00,2022/12/31 23:59:59,ATMO AUVERGNE-RHÔNE-ALPES,FR84ZAG03,ZAG SAINT-ETIENNE,FR29439,LA TALAUDIERE,Périurbaine,O3,Fond,Oui,mesures fixes,Moy. annuelle,58.0,57.75779490219326,µg-m3,,,,R,1,45.481777,4.429667,La Talaudière
2022/01/01 00:00:00,2022/12/31 23:59:59,ATMO GRAND EST,FR44ZRE01,ZR GRAND-EST,FR30019,Epinal,Urbaine,O3,Fond,Oui,mesures fixes,Moy. annuelle,51.0,51.41462192706514,µg-m3,,,,R,1,48.1726528,6.45281666,Épinal
2022/01/01 00:00:00,2022/12/31 23:59:59,ATMO GRAND EST,FR44ZRE01,ZR GRAND-EST,FR30028,Schlucht,Rurale près des villes,O3,Fond,Oui,mesures fixes,Moy. annuelle,71.0,71.21994612621853,µg-m3,,,,N,-1,48.051117,7.011114,Xonrupt-Longemer
2022/01/01 00:00:00,2022/12/31 23:59:59,ATMO GRAND EST,FR44ZRE01,ZR GRAND-EST,FR30033,Jonville en Woevre,Rurale régionale,O3,Fond,Oui,mesures fixes,Moy. annuelle,57.0,56.85407998150713,µg-m3,,,,R,1,49.06583,5.785556,Jonville-en-Woëvre
2022/01/01 00:00:00,2022/12/31 23:59:59,ATMO GRAND EST,FR44ZAG03,ZAG NANCY,FR30034,Nancy-Charles III,Urbaine,O3,Fond,Oui,mesures fixes,Moy. annuelle,52.0,51.69161641929501,µg-m3,,,,R,1,48.68817,6.190431,Nancy
2022/01/01 00:00:00,2022/12/31 23:59:59,ATMO GRAND EST,FR44ZAG03,ZAG NANCY,FR30037,Nancy-Brabois 2,Périurbaine,O3,Fond,Oui,mesures fixes,Moy. annuelle,60.0,59.57369882026367,µg-m3,,,,R,1,48.656944,6.136022,Villers-lès-Nancy
2022/01/01 00:00:00,2022/12/31 23:59:59,ATMO NOUVELLE-AQUITAINE,FR75ZAG01,ZAG BORDEAUX,FR31001,GRAND PARC,Urbaine,O3,Fond,Oui,mesures fixes,Moy. annuelle,56.0,56.249614543781085,µg-m3,,,,R,1,44.86121,-0.58037,Bordeaux
2022/01/01 00:00:00,2022/12/31 23:59:59,ATMO NOUVELLE-AQUITAINE,FR75ZAG01,ZAG BORDEAUX,FR31002,TALENCE,Urbaine,O3,Fond,Oui,mesures fixes,Moy. annuelle,59.0,58.89813943978744,µg-m3,,,,N,-1,44.800462,-0.589398,Talence
2022/01/01 00:00:00,2022/12/31 23:59:59,ATMO NOUVELLE-AQUITAINE,FR75ZAG01,ZAG BORDEAUX,FR31007,BASSENS,Urbaine,O3,Fond,Oui,mesures fixes,Moy. annuelle,57.0,57.41009802763671,µg-m3,,,,R,1,44.900296,-0.515835,Bassens
2022/01/01 00:00:00,2022/12/31 23:59:59,ATMO NOUVELLE-AQUITAINE,FR75ZRE02,ZR NOUVELLE-AQUITAINE,FR31008,LE TEMPLE,Rurale régionale,O3,Fond,Oui,mesures fixes,Moy. annuelle,53.0,53.15667087300677,µg-m3,,,,R,1,44.86581,-0.94,Le Temple
2022/01/01 00:00:00,2022/12/31 23:59:59,ATMO NOUVELLE-AQUITAINE,FR75ZAG01,ZAG BORDEAUX,FR31010,AMBES,Périurbaine,O3,Fond,Oui,mesures fixes,Moy. annuelle,58.0,58.22704409738161,µg-m3,,,,R,1,45.014777,-0.533942,Ambès
2022/01/01 00:00:00,2022/12/31 23:59:59,ATMO NOUVELLE-AQUITAINE,FR75ZRE02,ZR NOUVELLE-AQUITAINE,FR31013,BILLERE,Urbaine,O3,Fond,Oui,mesures fixes,Moy. annuelle,55.0,54.66011911579414,µg-m3,,,,R,1,43.310797,-0.391543,Billère
2022/01/01 00:00:00,2022/12/31 23:59:59,ATMO NOUVELLE-AQUITAINE,FR75ZAG02,ZAG BAYONNE,FR31016,SAINT-CROUTS,Urbaine,O3,Fond,Oui,mesures fixes,Moy. annuelle,54.0,54.211410241722966,µg-m3,,,,R,1,43.47982,-1.489157,Bayonne
2022/01/01 00:00:00,2022/12/31 23:59:59,ATMO NOUVELLE-AQUITAINE,FR75ZRE02,ZR NOUVELLE-AQUITAINE,FR31021,LABASTIDE CEZERACQ,Rurale près des villes,O3,Fond,Oui,mesures fixes,Moy. annuelle,49.0,49.35618883131835,µg-m3,,,,R,1,43.376279,-0.538206,Labastide-Cézéracq
2022/01/01 00:00:00,2022/12/31 23:59:59,ATMO NOUVELLE-AQUITAINE,FR75ZRE02,ZR NOUVELLE-AQUITAINE,FR31033,PERIGUEUX,Urbaine,O3,Fond,Oui,mesures fixes,Moy. annuelle,53.0,53.28114886731401,µg-m3,,,,R,1,45.189825,0.727184,Périgueux
2022/01/01 00:00:00,2022/12/31 23:59:59,ATMO NOUVELLE-AQUITAINE,FR75ZRE02,ZR NOUVELLE-AQUITAINE,FR31036,DAX,Urbaine,O3,Fond,Oui,mesures fixes,Moy. annuelle,48.0,48.16467378685853,µg-m3,,,,R,1,43.704643,-1.038557,Dax
2022/01/01 00:00:00,2022/12/31 23:59:59,ATMO NOUVELLE-AQUITAINE,FR75ZAG02,ZAG BAYONNE,FR31043,Biarritz-hippodrome,Périurbaine,O3,Fond,Oui,mesures fixes,Moy. annuelle,64.0,63.90196790441592,µg-m3,,,,R,1,43.470237,-1.553876,Biarritz
2022/01/01 00:00:00,2022/12/31 23:59:59,ATMO BOURGOGNE-FRANCHE-COMTE,FR27ZAR04,ZAR CHALON,FR32002,Champforgueil,Périurbaine,O3,Fond,Oui,mesures fixes,Moy. annuelle,52.0,51.783821080180815,µg-m3,,,,R,1,46.821056,4.835083,Champforgeuil
2022/01/01 00:00:00,2022/12/31 23:59:59,ATMO BOURGOGNE-FRANCHE-COMTE,FR27ZRE01,ZR BOURGOGNE-FRANCHE-COMTE,FR32005,Montceau-les-Mines 9me écluse,Urbaine,O3,Fond,Oui,mesures fixes,Moy. annuelle,52.0,51.65231550987415,µg-m3,,,,R,1,46.678785,4.366893,Montceau-les-Mines
2022/01/01 00:00:00,2022/12/31 23:59:59,ATMO BOURGOGNE-FRANCHE-COMTE,FR27ZRE01,ZR BOURGOGNE-FRANCHE-COMTE,FR32006,Macon Paul Bert,Périurbaine,O3,Fond,Oui,mesures fixes,Moy. annuelle,56.0,55.7469566231344,µg-m3,,,,R,1,46.316172,4.839994,Mâcon
2022/01/01 00:00:00,2022/12/31 23:59:59,ATMO AUVERGNE-RHÔNE-ALPES,FR84ZAR01,ZAR PAYS-DE-SAVOIE,FR33101,PASTEUR,Urbaine,O3,Fond,Oui,mesures indicatives,Moy. annuelle,49.0,49.14628605061798,µg-m3,,,,R,1,45.56472,5.928333,Chambéry
2022/01/01 00:00:00,2022/12/31 23:59:59,ATMO AUVERGNE-RHÔNE-ALPES,FR84ZAR01,ZAR PAYS-DE-SAVOIE,FR33102,CHAMBERY LE HAUT,Urbaine,O3,Fond,Oui,mesures fixes,Moy. annuelle,59.0,58.64032962916716,µg-m3,,,,R,1,45.59667,5.918611,Chambéry
2022/01/01 00:00:00,2022/12/31 23:59:59,ATMO AUVERGNE-RHÔNE-ALPES,FR84ZRE02,ZR AUVERGNE-RHONE-ALPES,FR33111,SAINT JEAN,Urbaine,O3,Fond,Oui,mesures indicatives,Moy. annuelle,55.0,55.21646816307831,µg-m3,,,,R,1,45.274723,6.349722,Saint-Jean-de-Maurienne
2022/01/01 00:00:00,2022/12/31 23:59:59,ATMO AUVERGNE-RHÔNE-ALPES,FR84ZAR03,ZAR VALLEE-DE-L-ARVE,FR33120,CHAMONIX,Urbaine,O3,Fond,Oui,mesures indicatives,Moy. annuelle,39.0,38.7374381333962,µg-m3,,,,R,1,45.9225,6.87,Chamonix-Mont-Blanc
2022/01/01 00:00:00,2022/12/31 23:59:59,ATMO AUVERGNE-RHÔNE-ALPES,FR84ZAR04,ZAR VALLEE-DE-LA-TARANTAISE,FR33121,Albertville,Urbaine,O3,Fond,Oui,mesures fixes,Moy. annuelle,47.0,47.00900365630697,µg-m3,,,,R,1,45.675,6.389722,Albertville
2022/01/01 00:00:00,2022/12/31 23:59:59,ATMO AUVERGNE-RHÔNE-ALPES,FR84ZAR01,ZAR PAYS-DE-SAVOIE,FR33201,LOVERCHY,Urbaine,O3,Fond,Oui,mesures indicatives,Moy. annuelle,47.0,47.42262816051956,µg-m3,,,,R,1,45.89528,6.118333,Annecy
2022/01/01 00:00:00,2022/12/31 23:59:59,ATMO AUVERGNE-RHÔNE-ALPES,FR84ZAR01,ZAR PAYS-DE-SAVOIE,FR33202,NOVEL,Urbaine,O3,Fond,Oui,mesures fixes,Moy. annuelle,53.0,52.506361829025714,µg-m3,,,,R,1,45.916943,6.135556,Annecy
2022/01/01 00:00:00,2022/12/31 23:59:59,ATMO AUVERGNE-RHÔNE-ALPES,FR84ZAR01,ZAR PAYS-DE-SAVOIE,FR33211,ANNEMASSE,Urbaine,O3,Fond,Oui,mesures indicatives,Moy. annuelle,53.0,52.80526619702029,µg-m3,,,,R,1,46.19583,6.240556,Annemasse
2022/01/01 00:00:00,2022/12/31 23:59:59,ATMO AUVERGNE-RHÔNE-ALPES,FR84ZAR01,ZAR PAYS-DE-SAVOIE,FR33212,GAILLARD,Urbaine,O3,Fond,Oui,mesures indicatives,Moy. annuelle,52.0,52.03665743305649,µg-m3,,,,R,1,46.193641,6.214534,Ambilly
2022/01/01 00:00:00,2022/12/31 23:59:59,ATMO AUVERGNE-RHÔNE-ALPES,FR84ZAR03,ZAR VALLEE-DE-L-ARVE,FR33220,PASSY,Périurbaine,O3,Fond,Oui,mesures fixes,Moy. annuelle,46.0,46.0336877314538,µg-m3,,,,R,1,45.92361,6.713611,Passy
2022/01/01 00:00:00,2022/12/31 23:59:59,ATMO AUVERGNE-RHÔNE-ALPES,FR84ZRE02,ZR AUVERGNE-RHONE-ALPES,FR33302,St Germain/Rhône,Rurale près des villes,O3,Fond,Oui,mesures indicatives,Moy. annuelle,64.0,63.947452229299365,µg-m3,,,,R,1,46.072224,5.820833,Saint-Germain-sur-Rhône
2022/01/01 00:00:00,2022/12/31 23:59:59,ATMO AUVERGNE-RHÔNE-ALPES,FR84ZRE02,ZR AUVERGNE-RHONE-ALPES,FR33305,Bourg-en-Bresse,Urbaine,O3,Fond,Oui,mesures indicatives,Moy. annuelle,57.0,56.73389106854363,µg-m3,,,,R,1,46.211666,5.226389,Bourg-en-Bresse
2022/01/01 00:00:00,2022/12/31 23:59:59,LIG'AIR,FR24ZAG02,ZAG ORLEANS,FR34017,Marigny-les-usages,Périurbaine,O3,Fond,Oui,mesures fixes,Moy. annuelle,56.0,56.01871786081603,µg-m3,,,,R,1,47.958972,2.009278,Marigny-les-Usages
2022/01/01 00:00:00,2022/12/31 23:59:59,LIG'AIR,FR24ZAG01,ZAG TOURS,FR34024,Joué lès Tours,Urbaine,O3,Fond,Oui,mesures fixes,Moy. annuelle,57.0,57.462014934508574,µg-m3,,,,R,1,47.344139,0.653778,Joué-lès-Tours
2022/01/01 00:00:00,2022/12/31 23:59:59,LIG'AIR,FR24ZAG01,ZAG TOURS,FR34026,Tours péri-urbaine,Périurbaine,O3,Fond,Oui,mesures fixes,Moy. annuelle,60.0,59.841867224741215,µg-m3,,,,R,1,47.46925,0.717333,Chanceaux-sur-Choisille
2022/01/01 00:00:00,2022/12/31 23:59:59,LIG'AIR,FR24ZAG02,ZAG ORLEANS,FR34029,La_Source-CNRS,Urbaine,O3,Fond,Oui,mesures fixes,Moy. annuelle,60.0,59.98377288955434,µg-m3,,,,R,1,47.83775,1.944667,Orléans
2022/01/01 00:00:00,2022/12/31 23:59:59,LIG'AIR,FR24ZRE02,ZR CENTRE-VAL-DE-LOIRE,FR34032,Leblanc,Urbaine,O3,Fond,Oui,mesures fixes,Moy. annuelle,54.0,53.91488409456052,µg-m3,,,,R,1,47.082778,2.405333,Bourges
2022/01/01 00:00:00,2022/12/31 23:59:59,LIG'AIR,FR24ZRE02,ZR CENTRE-VAL-DE-LOIRE,FR34038,Verneuil,Rurale nationale,O3,Fond,Oui,mesures fixes,Moy. annuelle,55.0,55.00267018106813,µg-m3,,,,R,1,46.814694,2.610069,Verneuil
2022/01/01 00:00:00,2022/12/31 23:59:59,LIG'AIR,FR24ZRE02,ZR CENTRE-VAL-DE-LOIRE,FR34041,Fulbert,Urbaine,O3,Fond,Oui,mesures fixes,Moy. annuelle,57.0,56.78103586570408,µg-m3,,,,R,1,48.444417,1.510139,Chartres
2022/01/01 00:00:00,2022/12/31 23:59:59,LIG'AIR,FR24ZRE02,ZR CENTRE-VAL-DE-LOIRE,FR34043,Oysonville,Rurale régionale,O3,Fond,Oui,mesures fixes,Moy. annuelle,59.0,58.99215999999996,µg-m3,,,,R,1,48.391139,1.955611,Oysonville
2022/01/01 00:00:00,2022/12/31 23:59:59,LIG'AIR,FR24ZRE02,ZR CENTRE-VAL-DE-LOIRE,FR34046,Dreux Centre,Urbaine,O3,Fond,Oui,mesures fixes,Moy. annuelle,54.0,53.78845800826065,µg-m3,,,,R,1,48.729694,1.358472,Dreux
2022/01/01 00:00:00,2022/12/31 23:59:59,LIG'AIR,FR24ZRE02,ZR CENTRE-VAL-DE-LOIRE,FR34051,Chateauroux Sud,Urbaine,O3,Fond,Oui,mesures fixes,Moy. annuelle,61.0,60.6335092348285,µg-m3,,,,R,1,46.798278,1.693139,Châteauroux
2022/01/01 00:00:00,2022/12/31 23:59:59,LIG'AIR,FR24ZRE02,ZR CENTRE-VAL-DE-LOIRE,FR34054,Faverolles,Rurale régionale,O3,Fond,Oui,mesures fixes,Moy. annuelle,56.0,56.26392224128081,µg-m3,,,,R,1,47.170167,1.409694,Villentrois-Faverolles-en-Berry
2022/01/01 00:00:00,2022/12/31 23:59:59,LIG'AIR,FR24ZRE02,ZR CENTRE-VAL-DE-LOIRE,FR34056,Montierchaume,Périurbaine,O3,Fond,Oui,mesures fixes,Moy. annuelle,56.0,55.6324212936461,µg-m3,,,,R,1,46.864528,1.771944,Montierchaume
2022/01/01 00:00:00,2022/12/31 23:59:59,LIG'AIR,FR24ZAR02,ZAR BLOIS,FR34061,Blois nord,Urbaine,O3,Fond,Oui,mesures fixes,Moy. annuelle,61.0,60.70355794531525,µg-m3,,,,R,1,47.594256,1.302667,Blois
2022/01/01 00:00:00,2022/12/31 23:59:59,LIG'AIR,FR24ZRE02,ZR CENTRE-VAL-DE-LOIRE,FR34065,Montargis Fond,Urbaine,O3,Fond,Oui,mesures fixes,Moy. annuelle,51.0,51.284276148695504,µg-m3,,,,R,1,47.996994,2.731511,Montargis
2022/01/01 00:00:00,2022/12/31 23:59:59,ATMO NOUVELLE-AQUITAINE,FR75ZRE02,ZR NOUVELLE-AQUITAINE,FR35002,ST JUNIEN - Fontaine,Urbaine,O3,Fond,Oui,mesures fixes,Moy. annuelle,54.0,54.12081852573655,µg-m3,,,,R,1,45.884851,0.898431,Saint-Junien
2022/01/01 00:00:00,2022/12/31 23:59:59,ATMO NOUVELLE-AQUITAINE,FR75ZRE02,ZR NOUVELLE-AQUITAINE,FR35004,BRIVE - Dalton,Urbaine,O3,Fond,Oui,mesures fixes,Moy. annuelle,47.0,46.80350714202763,µg-m3,,,,R,1,45.158738,1.537259,Brive-la-Gaillarde
2022/01/01 00:00:00,2022/12/31 23:59:59,ATMO NOUVELLE-AQUITAINE,FR75ZRE02,ZR NOUVELLE-AQUITAINE,FR35005,GUERET - Nicolas,Urbaine,O3,Fond,Oui,mesures fixes,Moy. annuelle,60.0,60.11620156826567,µg-m3,,,,R,1,46.17362,1.873024,Guéret
2022/01/01 00:00:00,2022/12/31 23:59:59,ATMO NOUVELLE-AQUITAINE,FR75ZRE02,ZR NOUVELLE-AQUITAINE,FR35006,TULLE - Hugo,Urbaine,O3,Fond,Oui,mesures fixes,Moy. annuelle,44.0,43.80197950628784,µg-m3,,,,R,1,45.262665,1.762752,Tulle
2022/01/01 00:00:00,2022/12/31 23:59:59,ATMO NOUVELLE-AQUITAINE,FR75ZAR01,ZAR LIMOGES,FR35007,PALAIS S/ V.- Garros,Périurbaine,O3,Fond,Oui,mesures fixes,Moy. annuelle,57.0,57.44884333486026,µg-m3,,,,R,1,45.873311,1.307916,Le Palais-sur-Vienne
2022/01/01 00:00:00,2022/12/31 23:59:59,ATMO NOUVELLE-AQUITAINE,FR75ZRE02,ZR NOUVELLE-AQUITAINE,FR35012,LA NOUAILLE - MERA,Rurale nationale,O3,Fond,Oui,mesures fixes,Moy. annuelle,76.0,75.76265544529585,µg-m3,,,,R,1,45.80509,2.062333,La Nouaille
2022/01/01 00:00:00,2022/12/31 23:59:59,ATMO NOUVELLE-AQUITAINE,FR75ZAR01,ZAR LIMOGES,FR35027,LIMOGES - BERLAND,Urbaine,O3,Fond,Oui,mesures fixes,Moy. annuelle,54.0,54.48643562083996,µg-m3,,,,R,1,45.842204,1.259689,Limoges
2022/01/01 00:00:00,2022/12/31 23:59:59,ATMO AUVERGNE-RHÔNE-ALPES,FR84ZAR02,ZAR VALLEE-DU-RHONE,FR36001,Valence Périurb. Sud,Périurbaine,O3,Fond,Oui,mesures fixes,Moy. annuelle,57.0,57.49874668594841,µg-m3,,,,R,1,44.870243,4.876289,Portes-lès-Valence
2022/01/01 00:00:00,2022/12/31 23:59:59,ATMO AUVERGNE-RHÔNE-ALPES,FR84ZAR02,ZAR VALLEE-DU-RHONE,FR36019,Romans-sur-Isère,Urbaine,O3,Fond,Oui,mesures indicatives,Moy. annuelle,60.0,59.57628468653637,µg-m3,,,,R,1,45.0425,5.0443,Romans-sur-Isère
2022/01/01 00:00:00,2022/12/31 23:59:59,ATMO AUVERGNE-RHÔNE-ALPES,FR84ZRE02,ZR AUVERGNE-RHONE-ALPES,FR36021,Drôme Rurale Sud-SND,Rurale nationale,O3,Fond,Oui,mesures fixes,Moy. annuelle,61.0,60.98485645659388,µg-m3,,,,R,1,44.569443,5.278972,Saint-Nazaire-le-Désert
2022/01/01 00:00:00,2022/12/31 23:59:59,GWAD'AIR,FR01ZAG01,ZAG POINTE-A-PITRE,FR37001,ST de Baie mahault,Périurbaine,O3,Fond,Oui,estimation objective,Moy. annuelle,23.0,22.941315578004826,µg-m3,,,,R,1,16.257308,-61.591725,Baie-Mahault
2022/01/01 00:00:00,2022/12/31 23:59:59,GWAD'AIR,FR01ZAG01,ZAG POINTE-A-PITRE,FR37006,PTP-VICTOIRE,Urbaine,O3,Fond,Oui,mesures fixes,Moy. annuelle,29.0,29.04009728978458,µg/m3,,,,N,-1,16.23674,-61.534101,Pointe-à-Pitre
2022/01/01 00:00:00,2022/12/31 23:59:59,GWAD'AIR,FR01ZRE01,ZR GUADELOUPE,FR37010,BT_PICHON,Urbaine,O3,Fond,Oui,mesures fixes,Moy. annuelle,27.0,26.81573455270249,µg/m3,,,,R,1,15.994349,-61.727203,Basse-Terre
2022/01/01 00:00:00,2022/12/31 23:59:59,ATMO GRAND EST,FR44ZRE01,ZR GRAND-EST,FR42011,Haguenau-Place marché aux bestiaux,Urbaine,O3,Fond,Oui,mesures fixes,Moy. annuelle,54.0,54.192386311437886,µg-m3,,,,R,1,48.818352,7.786409,Haguenau
2022/01/01 00:00:00,2022/12/31 23:59:59,ATMO OCCITANIE,FR76ZRE01,ZR OCCITANIE,FR50060,Montauban,Urbaine,O3,Fond,Oui,mesures fixes,Moy. annuelle,51.0,51.35487458589675,µg-m3,,,,R,1,44.01285657,1.37530522,Montauban
2022/01/01 00:00:00,2022/12/31 23:59:59,ATMO BOURGOGNE-FRANCHE-COMTE,FR27ZAR03,ZAR BESANCON,FR82005,Montfaucon,Périurbaine,O3,Fond,Oui,mesures fixes,Moy. annuelle,75.0,75.40260839720855,µg-m3,,,,R,1,47.23461,6.076472,Montfaucon
2022/01/01 00:00:00,2022/12/31 23:59:59,ATMO BOURGOGNE-FRANCHE-COMTE,FR27ZAR03,ZAR BESANCON,FR82006,Besançon Prévoyance,Urbaine,O3,Fond,Oui,mesures fixes,Moy. annuelle,60.0,59.88251901359758,µg-m3,,,,R,1,47.2474,6.015419,Besançon
2022/01/01 00:00:00,2022/12/31 23:59:59,ATMO BOURGOGNE-FRANCHE-COMTE,FR27ZAR01,ZAR BELFORT-MONTBELIARD,FR82010,Montbéliard centre,Urbaine,O3,Fond,Oui,mesures fixes,Moy. annuelle,47.0,47.30459901613083,µg-m3,,,,R,1,47.510307,6.794,Montbéliard
2022/01/01 00:00:00,2022/12/31 23:59:59,ATMO BOURGOGNE-FRANCHE-COMTE,FR27ZAR01,ZAR BELFORT-MONTBELIARD,FR82012,Dambenois Citoyen,Périurbaine,O3,Fond,Oui,mesures fixes,Moy. annuelle,55.0,54.970678869323386,µg-m3,,,,R,1,47.538193,6.868361,Dambenois
2022/01/01 00:00:00,2022/12/31 23:59:59,ATMO BOURGOGNE-FRANCHE-COMTE,FR27ZRE01,ZR BOURGOGNE-FRANCHE-COMTE,FR82030,Montandon Baresans,Rurale nationale,O3,Fond,Oui,mesures fixes,Moy. annuelle,57.0,56.89146959459456,µg-m3,,,,R,1,47.29464,6.825861,Montandon
2022/01/01 00:00:00,2022/12/31 23:59:59,ATMO BOURGOGNE-FRANCHE-COMTE,FR27ZRE01,ZR BOURGOGNE-FRANCHE-COMTE,FR82040,Dole centre,Urbaine,O3,Fond,Oui,mesures fixes,Moy. annuelle,56.0,55.629413825315375,µg-m3,,,,R,1,47.09672,5.496389,Dole
2022/01/01 00:00:00,2022/12/31 23:59:59,ATMO BOURGOGNE-FRANCHE-COMTE,FR27ZRE01,ZR BOURGOGNE-FRANCHE-COMTE,FR82050,Lons-le-Saunier CV,Urbaine,O3,Fond,Oui,mesures fixes,Moy. annuelle,60.0,60.18374337845803,µg-m3,,,,R,1,46.671321,5.55662,Lons-le-Saunier
2022/01/01 00:00:00,2022/12/31 23:59:59,ATMO BOURGOGNE-FRANCHE-COMTE,FR27ZRE01,ZR BOURGOGNE-FRANCHE-COMTE,FR82060,Vesoul Pres Caillet,Urbaine,O3,Fond,Oui,mesures fixes,Moy. annuelle,57.0,56.85779458963782,µg-m3,,,,R,1,47.620022,6.157642,Vesoul
