Date de début,Date de fin,Organisme,code zas,Zas,code site,nom site,type d'implantation,Polluant,type d'influence,Réglementaire,type d'évaluation,type de valeur,valeur,valeur brute,unité de mesure,taux de saisie,couverture temporelle,couverture de données,code qualité,validité,Latitude,Longitude,Ville,CODGEO
2022/01/01 00:00:00,2022/12/31 23:59:59,ATMO GRAND EST,FR44ZAG02,ZAG METZ,FR01011,Metz-Centre,Urbaine,PM10,Fond,Oui,mesures fixes,Moy. annuelle,17.0,17.36504932018131,µg-m3,86.0,100.0,86.0,R,1,49.119442,6.180833,Metz,57463.0
2022/01/01 00:00:00,2022/12/31 23:59:59,ATMO GRAND EST,FR44ZAG02,ZAG METZ,FR01012,Metz-Borny,Urbaine,PM10,Fond,Oui,mesures fixes,Moy. annuelle,13.0,13.044788429356892,µg-m3,96.0,100.0,96.0,R,1,49.110283,6.223336,Metz,57463.0
2022/01/01 00:00:00,2022/12/31 23:59:59,ATMO GRAND EST,FR44ZRE01,ZR GRAND-EST,FR01014,Pont-à-Mousson,Urbaine,PM10,Fond,Oui,mesures indicatives,Moy. annuelle,17.0,16.61865671641791,µg-m3,,,,R,1,48.915,6.058336,Pont-à-Mousson,54431.0
2022/01/01 00:00:00,2022/12/31 23:59:59,ATMO GRAND EST,FR44ZRE01,ZR GRAND-EST,FR01015,Blénod-lès-PAM,Urbaine,PM10,Industrielle,Oui,mesures indicatives,Moy. annuelle,20.0,20.073335913312683,µg-m3,,,,N,-1,48.884724,6.051392,Blénod-lès-Pont-à-Mousson,54079.0
2022/01/01 00:00:00,2022/12/31 23:59:59,ATMO GRAND EST,FR44ZAG02,ZAG METZ,FR01019,Thionville-Piscine,Urbaine,PM10,Fond,Oui,mesures fixes,Moy. annuelle,15.0,15.33309523809517,µg-m3,96.0,100.0,96.0,R,1,49.36861,6.160831,Thionville,57672.0
2022/01/01 00:00:00,2022/12/31 23:59:59,ATMO GRAND EST,FR44ZAG02,ZAG METZ,FR01020,Thionville-Centre,Urbaine,PM10,Fond,Oui,mesures fixes,Moy. annuelle,19.0,18.53266043613704,µg-m3,92.0,100.0,92.0,R,1,49.358337,6.156942,Thionville,57672.0
2022/01/01 00:00:00,2022/12/31 23:59:59,ATMO GRAND EST,FR44ZAG02,ZAG METZ,FR01059,HAYANGE-MARSPICH,Périurbaine,PM10,Industrielle,Oui,mesures indicatives,Moy. annuelle,13.0,12.84025577848177,µg-m3,,,,R,1,49.3374,6.08207,Hayange,57306.0
2022/01/01 00:00:00,2022/12/31 23:59:59,ATMO GRAND EST,FR44ZAG02,ZAG METZ,FR01064,Metz- Pont Grilles,Urbaine,PM10,Trafic,Oui,mesures fixes,Moy. annuelle,17.0,16.558789289871896,µg-m3,98.0,100.0,98.0,R,1,49.12508,6.181219,Metz,57463.0
2022/01/01 00:00:00,2022/12/31 23:59:59,ATMO SUD,FR93ZAG01,ZAG MARSEILLE-AIX,FR02008,Port de Bouc Leque,Urbaine,PM10,Industrielle,Oui,mesures fixes,Moy. annuelle,24.0,24.111314206385988,µg-m3,99.0,100.0,99.0,R,1,43.401952,4.981919,Port-de-Bouc,13077.0
2022/01/01 00:00:00,2022/12/31 23:59:59,ATMO SUD,FR93ZAG01,ZAG MARSEILLE-AIX,FR02009,Port Saint Louis,Périurbaine,PM10,Industrielle,Oui,mesures fixes,Moy. annuelle,20.0,20.271565982404656,µg-m3,98.0,99.0,97.0,R,1,43.39378,4.801024,Port-Saint-Louis-du-Rhône,13078.0
2022/01/01 00:00:00,2022/12/31 23:59:59,ATMO SUD,FR93ZRE02,ZR PROVENCE-ALPES-COTE-D-AZUR,FR02022,Arles,Urbaine,PM10,Fond,Oui,mesures fixes,Moy. annuelle,19.0,19.07415937356065,µg-m3,99.0,100.0,99.0,R,1,43.675114,4.62921,Arles,13004.0
2022/01/01 00:00:00,2022/12/31 23:59:59,ATMO SUD,FR93ZAG01,ZAG MARSEILLE-AIX,FR02029,Chateauneuf La Mede,Périurbaine,PM10,Industrielle,Oui,mesures fixes,Moy. annuelle,24.0,23.51493583650185,µg-m3,97.0,99.0,96.0,R,1,43.399546,5.113214,Châteauneuf-les-Martigues,13026.0
2022/01/01 00:00:00,2022/12/31 23:59:59,ATMO SUD,FR93ZAG01,ZAG MARSEILLE-AIX,FR02041,SALON,Urbaine,PM10,Fond,Oui,mesures fixes,Moy. annuelle,18.0,18.0012763021732,µg-m3,99.0,100.0,99.0,R,1,43.639002,5.101097,Salon-de-Provence,13103.0
2022/01/01 00:00:00,2022/12/31 23:59:59,ATMO SUD,FR93ZAG01,ZAG MARSEILLE-AIX,FR02043,Marignane,Urbaine,PM10,Fond,Oui,mesures fixes,Moy. annuelle,22.0,22.223909289743258,µg-m3,99.0,100.0,99.0,R,1,43.4165306,5.222281,Marignane,13054.0
2022/01/01 00:00:00,2022/12/31 23:59:59,ATMO SUD,FR93ZAG01,ZAG MARSEILLE-AIX,FR03006,MARSEILLE RABATAU,Urbaine,PM10,Trafic,Oui,mesures fixes,Moy. annuelle,36.0,35.91359040677168,µg-m3,97.0,100.0,97.0,R,1,43.276451,5.39736,Marseille,13208.0
2022/01/01 00:00:00,2022/12/31 23:59:59,ATMO SUD,FR93ZAG01,ZAG MARSEILLE-AIX,FR03014,MARSEILLE ST LOUIS,Urbaine,PM10,Fond,Oui,mesures fixes,Moy. annuelle,26.0,26.0306593277901,µg-m3,97.0,100.0,97.0,R,1,43.348048,5.360119,Marseille,13215.0
2022/01/01 00:00:00,2022/12/31 23:59:59,ATMO SUD,FR93ZAG01,ZAG MARSEILLE-AIX,FR03021,AIX ROY RENE,Urbaine,PM10,Trafic,Oui,mesures fixes,Moy. annuelle,23.0,23.152715323417468,µg-m3,99.0,100.0,99.0,R,1,43.524075,5.448164,Aix-en-Provence,13001.0
2022/01/01 00:00:00,2022/12/31 23:59:59,ATMO SUD,FR93ZRE02,ZR PROVENCE-ALPES-COTE-D-AZUR,FR03027,PLAN AUPS/STE  BAUME,Rurale près des villes,PM10,Fond,Oui,mesures fixes,Moy. annuelle,16.0,16.08387096774194,µg-m3,26.0,3.0,1.0,N,-1,43.335201,5.727365,Plan-d'Aups-Sainte-Baume,83093.0
2022/01/01 00:00:00,2022/12/31 23:59:59,ATMO SUD,FR93ZAG01,ZAG MARSEILLE-AIX,FR03029,AIX CENTRE ECOLE ART,Urbaine,PM10,Fond,Oui,mesures fixes,Moy. annuelle,20.0,19.562794457274784,µg-m3,99.0,100.0,99.0,R,1,43.530285,5.440912,Aix-en-Provence,13001.0
2022/01/01 00:00:00,2022/12/31 23:59:59,ATMO SUD,FR93ZAG01,ZAG MARSEILLE-AIX,FR03030,GARDANNE,Périurbaine,PM10,Industrielle,Oui,mesures fixes,Moy. annuelle,23.0,23.021568627450986,µg-m3,99.0,100.0,99.0,R,1,43.453584,5.466672,Gardanne,13041.0
2022/01/01 00:00:00,2022/12/31 23:59:59,ATMO SUD,FR93ZAG01,ZAG MARSEILLE-AIX,FR03043,MARSEILLE 5 AVENUES,Urbaine,PM10,Fond,Oui,mesures fixes,Moy. annuelle,21.0,20.534295278771744,µg-m3,99.0,100.0,99.0,R,1,43.305287,5.394716,Marseille,13204.0
2022/01/01 00:00:00,2022/12/31 23:59:59,ATMO SUD,FR93ZRE02,ZR PROVENCE-ALPES-COTE-D-AZUR,FR03067,BRIGNOLES,Périurbaine,PM10,Fond,Oui,mesures fixes,Moy. annuelle,18.0,17.93677652265049,µg-m3,98.0,100.0,98.0,R,1,43.398731,6.075611,Brignoles,83023.0
2022/01/01 00:00:00,2022/12/31 23:59:59,ATMO SUD,FR93ZAG03,ZAG TOULON,FR03068,TOULON FOCH,Urbaine,PM10,Trafic,Oui,mesures fixes,Moy. annuelle,27.0,27.321650317368785,µg-m3,99.0,100.0,99.0,R,1,43.126821,5.921605,Toulon,83137.0
2022/01/01 00:00:00,2022/12/31 23:59:59,ATMO SUD,FR93ZAG03,ZAG TOULON,FR03069,HYERES,Urbaine,PM10,Fond,Oui,mesures fixes,Moy. annuelle,17.0,17.370043777360866,µg-m3,91.0,100.0,91.0,R,1,43.119737,6.131319,Hyères,83069.0
2022/01/01 00:00:00,2022/12/31 23:59:59,ATMO SUD,FR93ZRE02,ZR PROVENCE-ALPES-COTE-D-AZUR,FR03070,ESTEREL,Périurbaine,PM10,Fond,Oui,mesures fixes,Moy. annuelle,20.0,19.853395703395844,µg-m3,99.0,100.0,99.0,R,1,43.437874,6.76839,Fréjus,83061.0
2022/01/01 00:00:00,2022/12/31 23:59:59,ATMO SUD,FR93ZAG03,ZAG TOULON,FR03071,TOULON CLARET,Urbaine,PM10,Fond,Oui,mesures fixes,Moy. annuelle,22.0,22.357982902033303,µg-m3,99.0,100.0,99.0,R,1,43.131113,5.924184,Toulon,83137.0
2022/01/01 00:00:00,2022/12/31 23:59:59,ATMO SUD,FR93ZAG04,ZAG AVIGNON,FR03080,AVIGNON   MAIRIE,Urbaine,PM10,Fond,Oui,mesures fixes,Moy. annuelle,19.0,18.876198709082512,µg-m3,99.0,100.0,99.0,R,1,43.949673,4.804341,Avignon,84007.0
2022/01/01 00:00:00,2022/12/31 23:59:59,ATMO SUD,FR93ZAG04,ZAG AVIGNON,FR03087,Avignon Semard,Urbaine,PM10,Trafic,Oui,mesures fixes,Moy. annuelle,24.0,23.51276988800367,µg-m3,99.0,100.0,99.0,R,1,43.93706,4.824909,Avignon,84007.0
2022/01/01 00:00:00,2022/12/31 23:59:59,ATMO SUD,FR93ZAG04,ZAG AVIGNON,FR03091,Avignon Rocade De Gaulle,Urbaine,PM10,Trafic,Oui,mesures fixes,Moy. annuelle,32.0,32.19447391688776,µg-m3,97.0,27.0,26.0,N,-1,43.9314,4.826875,Avignon,84007.0
2022/01/01 00:00:00,2022/12/31 23:59:59,AIRPARIF,FR11ZAG01,ZAG PARIS,FR04002,GENNEVILLIERS,Urbaine,PM10,Fond,Oui,mesures fixes,Moy. annuelle,17.0,17.462972056588292,µg-m3,98.0,100.0,98.0,R,1,48.930319,2.29435,Gennevilliers,92036.0
2022/01/01 00:00:00,2022/12/31 23:59:59,AIRPARIF,FR11ZAG01,ZAG PARIS,FR04004,PARIS 18eme,Urbaine,PM10,Fond,Oui,mesures fixes,Moy. annuelle,20.0,19.54918873777145,µg-m3,96.0,100.0,96.0,R,1,48.891666,2.346667,Paris,75118.0
2022/01/01 00:00:00,2022/12/31 23:59:59,AIRPARIF,FR11ZAG01,ZAG PARIS,FR04012,Place Victor Basch,Urbaine,PM10,Trafic,Oui,mesures fixes,Moy. annuelle,28.0,28.39046289834842,µg-m3,98.0,100.0,98.0,R,1,48.827778,2.3275,Paris,75114.0
2022/01/01 00:00:00,2022/12/31 23:59:59,AIRPARIF,FR11ZAG01,ZAG PARIS,FR04023,CERGY-PONTOISE,Urbaine,PM10,Fond,Oui,mesures fixes,Moy. annuelle,17.0,17.049327146171617,µg-m3,98.0,100.0,98.0,R,1,49.04639,2.043056,Cergy,95127.0
2022/01/01 00:00:00,2022/12/31 23:59:59,AIRPARIF,FR11ZAG01,ZAG PARIS,FR04031,Av Champs Elysees,Urbaine,PM10,Trafic,Oui,mesures fixes,Moy. annuelle,27.0,26.521805600257377,µg-m3,72.0,99.0,71.0,N,-1,48.868772,2.311231,Paris,75108.0
2022/01/01 00:00:00,2022/12/31 23:59:59,AIRPARIF,FR11ZAG01,ZAG PARIS,FR04034,VITRY-SUR-SEINE,Urbaine,PM10,Fond,Oui,mesures fixes,Moy. annuelle,16.0,16.304303044174855,µg-m3,100.0,100.0,100.0,R,1,48.775897,2.375788,Vitry-sur-Seine,94081.0
2022/01/01 00:00:00,2022/12/31 23:59:59,AIRPARIF,FR11ZAG01,ZAG PARIS,FR04055,PARIS 1er Les Halles,Urbaine,PM10,Fond,Oui,mesures fixes,Moy. annuelle,20.0,20.31451179456551,µg-m3,76.0,100.0,76.0,N,-1,48.86212,2.344616,Paris,75101.0
2022/01/01 00:00:00,2022/12/31 23:59:59,AIRPARIF,FR11ZAG01,ZAG PARIS,FR04058,Auto A1 -Saint-Denis,Urbaine,PM10,Trafic,Oui,mesures fixes,Moy. annuelle,32.0,32.437281292059154,µg-m3,85.0,100.0,85.0,R,1,48.925278,2.356667,Saint-Denis,93066.0
2022/01/01 00:00:00,2022/12/31 23:59:59,AIRPARIF,FR11ZRE01,ZR ILE-DE-FRANCE,FR04066,Zone rurale Sud,Rurale régionale,PM10,Fond,Oui,mesures fixes,Moy. annuelle,13.0,13.299907621247094,µg-m3,99.0,100.0,99.0,R,1,48.364166,2.236944,,
2022/01/01 00:00:00,2022/12/31 23:59:59,AIRPARIF,FR11ZAG01,ZAG PARIS,FR04098,LOGNES,Urbaine,PM10,Fond,Oui,mesures fixes,Moy. annuelle,17.0,17.217017691659652,µg-m3,95.0,100.0,95.0,R,1,48.84028,2.635278,Lognes,77258.0
2022/01/01 00:00:00,2022/12/31 23:59:59,AIRPARIF,FR11ZAG01,ZAG PARIS,FR04099,NOGENT-SUR-MARNE,Urbaine,PM10,Fond,Oui,mesures fixes,Moy. annuelle,19.0,19.06139781065797,µg-m3,95.0,100.0,95.0,R,1,48.840557,2.484444,Nogent-sur-Marne,94052.0
2022/01/01 00:00:00,2022/12/31 23:59:59,AIRPARIF,FR11ZAG01,ZAG PARIS,FR04118,Place de l'Opéra,Urbaine,PM10,Trafic,Oui,mesures fixes,Moy. annuelle,24.0,24.277391812865545,µg-m3,98.0,100.0,98.0,R,1,48.870274,2.3325,Paris,75102.0
2022/01/01 00:00:00,2022/12/31 23:59:59,AIRPARIF,FR11ZAG01,ZAG PARIS,FR04122,RN6-MELUN,Périurbaine,PM10,Trafic,Oui,mesures fixes,Moy. annuelle,24.0,23.5994295028524,µg-m3,98.0,100.0,98.0,R,1,48.528057,2.653611,Melun,77288.0
2022/01/01 00:00:00,2022/12/31 23:59:59,AIRPARIF,FR11ZAG01,ZAG PARIS,FR04123,RN2-PANTIN,Urbaine,PM10,Trafic,Oui,mesures fixes,Moy. annuelle,26.0,26.10333967197516,µg-m3,96.0,100.0,96.0,R,1,48.90222,2.390833,Pantin,93055.0
2022/01/01 00:00:00,2022/12/31 23:59:59,AIRPARIF,FR11ZAG01,ZAG PARIS,FR04131,Boulevard Haussmann,Urbaine,PM10,Trafic,Oui,mesures fixes,Moy. annuelle,24.0,24.444532871972225,µg-m3,99.0,100.0,99.0,R,1,48.873333,2.330278,Paris,75109.0
2022/01/01 00:00:00,2022/12/31 23:59:59,AIRPARIF,FR11ZAG01,ZAG PARIS,FR04156,BOBIGNY,Urbaine,PM10,Fond,Oui,mesures fixes,Moy. annuelle,19.0,18.966625000000043,µg-m3,55.0,100.0,55.0,N,-1,48.902504,2.4525,Bobigny,93008.0
2022/01/01 00:00:00,2022/12/31 23:59:59,AIRPARIF,FR11ZRE01,ZR ILE-DE-FRANCE,FR04158,Zone Rurale NO,Rurale régionale,PM10,Fond,Oui,mesures fixes,Moy. annuelle,15.0,14.953129445234714,µg-m3,96.0,100.0,96.0,R,1,49.063087,1.866381,Frémainville,95253.0
2022/01/01 00:00:00,2022/12/31 23:59:59,AIRPARIF,FR11ZRE01,ZR ILE-DE-FRANCE,FR04173,RD934 Coulommiers,Périurbaine,PM10,Trafic,Oui,mesures fixes,Moy. annuelle,20.0,20.1623742454728,µg-m3,96.0,100.0,96.0,R,1,48.8059,3.084158,Coulommiers,77131.0
2022/01/01 00:00:00,2022/12/31 23:59:59,AIRPARIF,FR11ZAG01,ZAG PARIS,FR04179,PARIS Stade Lenglen,Urbaine,PM10,Fond,Oui,mesures fixes,Moy. annuelle,19.0,19.374442498540645,µg-m3,98.0,100.0,98.0,R,1,48.830387,2.269889,Paris,75115.0
2022/01/01 00:00:00,2022/12/31 23:59:59,AIRPARIF,FR11ZRE01,ZR ILE-DE-FRANCE,FR04181,RAMBOUILLET,Périurbaine,PM10,Fond,Oui,mesures fixes,Moy. annuelle,14.0,13.74405200184071,µg-m3,99.0,100.0,99.0,R,1,48.63373,1.830529,Rambouillet,78517.0
2022/01/01 00:00:00,2022/12/31 23:59:59,AIRPARIF,FR11ZAG01,ZAG PARIS,FR04319,TREMBLAY-EN-FRANCE,Périurbaine,PM10,Fond,Oui,mesures fixes,Moy. annuelle,18.0,17.806885129539815,µg-m3,97.0,100.0,96.0,R,1,48.95555,2.575278,Tremblay-en-France,93073.0
2022/01/01 00:00:00,2022/12/31 23:59:59,AIRPARIF,FR11ZAG01,ZAG PARIS,FR04329,Bld peripherique Est,Urbaine,PM10,Trafic,Oui,mesures fixes,Moy. annuelle,29.0,29.129469776076085,µg-m3,98.0,100.0,98.0,R,1,48.838615,2.412781,Paris,75112.0
2022/01/01 00:00:00,2022/12/31 23:59:59,ATMO NORMANDIE,FR28ZRE02,ZR NORMANDIE,FR05040,Honfleur Sce Tech.,Urbaine,PM10,Fond,Oui,mesures fixes,Moy. annuelle,15.0,15.196076127819566,µg-m3,98.0,99.0,97.0,R,1,49.415108,0.2437,Honfleur,14333.0
2022/01/01 00:00:00,2022/12/31 23:59:59,ATMO NORMANDIE,FR28ZAR01,ZAR LE-HAVRE,FR05074,Le Havre Ec. Herriot,Urbaine,PM10,Fond,Oui,mesures fixes,Moy. annuelle,18.0,18.02457875457871,µg-m3,93.0,100.0,93.0,R,1,49.48963,0.100703,Le Havre,76351.0
2022/01/01 00:00:00,2022/12/31 23:59:59,ATMO NORMANDIE,FR28ZAR01,ZAR LE-HAVRE,FR05083,Gonfreville l Orcher,Urbaine,PM10,Industrielle,Oui,mesures fixes,Moy. annuelle,17.0,16.603325202208243,µg-m3,89.0,100.0,89.0,R,1,49.50273,0.232486,Gonfreville-l'Orcher,76305.0
2022/01/01 00:00:00,2022/12/31 23:59:59,ATMO NORMANDIE,FR28ZAR01,ZAR LE-HAVRE,FR05084,NDGravenchon Pasteur,Urbaine,PM10,Industrielle,Oui,mesures fixes,Moy. annuelle,15.0,14.660066330917571,µg-m3,93.0,100.0,93.0,R,1,49.493332,0.571853,Port-Jérôme-sur-Seine,76476.0
2022/01/01 00:00:00,2022/12/31 23:59:59,ATMO NORMANDIE,FR28ZAR01,ZAR LE-HAVRE,FR05089,Le Havre Lafaurie-montant,Urbaine,PM10,Trafic,Oui,mesures fixes,Moy. annuelle,23.0,22.636105311992537,µg-m3,98.0,100.0,98.0,R,1,49.500187,0.110903,Le Havre,76351.0
2022/01/01 00:00:00,2022/12/31 23:59:59,ATMO NORMANDIE,FR28ZAR01,ZAR LE-HAVRE,FR05090,Le Havre ville-haute,Urbaine,PM10,Fond,Oui,mesures fixes,Moy. annuelle,16.0,15.999073859689776,µg-m3,99.0,100.0,99.0,R,1,49.514686,0.100645,Le Havre,76351.0
2022/01/01 00:00:00,2022/12/31 23:59:59,ATMO HAUTS DE FRANCE,FR32ZAG01,ZAG BLDV,FR06001,Valenciennes Acacias,Urbaine,PM10,Fond,Oui,mesures fixes,Moy. annuelle,16.0,15.94924105994341,µg-m3,89.0,100.0,89.0,R,1,50.35853,3.50804,Valenciennes,59606.0
2022/01/01 00:00:00,2022/12/31 23:59:59,ATMO HAUTS DE FRANCE,FR32ZAG01,ZAG BLDV,FR06003,Douai Theuriet,Urbaine,PM10,Fond,Oui,mesures fixes,Moy. annuelle,16.0,16.387769693928785,µg-m3,91.0,100.0,91.0,R,1,50.37822,3.06586,Douai,59178.0
2022/01/01 00:00:00,2022/12/31 23:59:59,ATMO HAUTS DE FRANCE,FR32ZAG01,ZAG BLDV,FR06006,Valenciennes Wallon,Urbaine,PM10,Trafic,Oui,mesures fixes,Moy. annuelle,22.0,21.67354260089688,µg-m3,74.0,100.0,74.0,N,-1,50.36425,3.52273,Valenciennes,59606.0
2022/01/01 00:00:00,2022/12/31 23:59:59,ATMO HAUTS DE FRANCE,FR32ZRE01,ZR HAUTS-DE-FRANCE,FR06007,Maubeuge Joyeuse,Urbaine,PM10,Fond,Oui,mesures fixes,Moy. annuelle,16.0,15.928603737650173,µg-m3,98.0,98.0,96.0,R,1,50.27936,3.97691,Maubeuge,59392.0
2022/01/01 00:00:00,2022/12/31 23:59:59,ATMO HAUTS DE FRANCE,FR32ZAG01,ZAG BLDV,FR06011,Denain Villars,Périurbaine,PM10,Fond,Oui,mesures fixes,Moy. annuelle,18.0,17.60376635390517,µg-m3,87.0,99.0,86.0,R,1,50.32276,3.39593,Denain,59172.0
2022/01/01 00:00:00,2022/12/31 23:59:59,ATMO HAUTS DE FRANCE,FR32ZRE01,ZR HAUTS-DE-FRANCE,FR06133,Cartignies,Rurale près des villes,PM10,Fond,Oui,mesures fixes,Moy. annuelle,15.0,15.085346107138117,µg-m3,85.0,100.0,85.0,R,1,50.09225,3.85003,Cartignies,59134.0
2022/01/01 00:00:00,2022/12/31 23:59:59,ATMO AUVERGNE-RHÔNE-ALPES,FR84ZAG04,ZAG CLERMONT-FERRAND,FR07004,Montferrand,Urbaine,PM10,Fond,Oui,mesures indicatives,Moy. annuelle,15.0,15.243125937896798,µg-m3,,,,R,1,45.79728,3.113833,Clermont-Ferrand,63113.0
2022/01/01 00:00:00,2022/12/31 23:59:59,ATMO AUVERGNE-RHÔNE-ALPES,FR84ZAG04,ZAG CLERMONT-FERRAND,FR07009,Jardin Lecoq,Urbaine,PM10,Fond,Oui,mesures indicatives,Moy. annuelle,16.0,15.818353442157552,µg-m3,,,,R,1,45.772167,3.0875,Clermont-Ferrand,63113.0
2022/01/01 00:00:00,2022/12/31 23:59:59,ATMO AUVERGNE-RHÔNE-ALPES,FR84ZRE02,ZR AUVERGNE-RHONE-ALPES,FR07022,Paray le Fresil,Rurale régionale,PM10,Fond,Oui,mesures indicatives,Moy. annuelle,11.0,11.270645554202192,µg-m3,,,,N,-1,46.652668,3.600667,Paray-le-Frésil,3203.0
2022/01/01 00:00:00,2022/12/31 23:59:59,ATMO AUVERGNE-RHÔNE-ALPES,FR84ZRE02,ZR AUVERGNE-RHONE-ALPES,FR07028,Les Ancizes,Périurbaine,PM10,Industrielle,Oui,mesures indicatives,Moy. annuelle,11.0,10.88402884501714,µg-m3,,,,R,1,45.929333,2.829806,Les Ancizes-Comps,63004.0
2022/01/01 00:00:00,2022/12/31 23:59:59,ATMO AUVERGNE-RHÔNE-ALPES,FR84ZRE02,ZR AUVERGNE-RHONE-ALPES,FR07031,Rageade,Rurale régionale,PM10,Fond,Oui,mesures indicatives,Moy. annuelle,7.0,7.391362206629557,µg-m3,,,,R,1,45.10472,3.277361,Rageade,15158.0
2022/01/01 00:00:00,2022/12/31 23:59:59,ATMO AUVERGNE-RHÔNE-ALPES,FR84ZAG04,ZAG CLERMONT-FERRAND,FR07034,Clermont-Esplanade Gare,Urbaine,PM10,Trafic,Oui,mesures fixes,Moy. annuelle,17.0,17.197070588235302,µg-m3,97.0,100.0,97.0,R,1,45.775696,3.09625,Clermont-Ferrand,63113.0
2022/01/01 00:00:00,2022/12/31 23:59:59,ATMO AUVERGNE-RHÔNE-ALPES,FR84ZAG04,ZAG CLERMONT-FERRAND,FR07039,Chamalières Europe,Urbaine,PM10,Trafic,Oui,mesures indicatives,Moy. annuelle,14.0,13.737278458427513,µg-m3,,,,R,1,45.774728,3.062978,Chamalières,63075.0
2022/01/01 00:00:00,2022/12/31 23:59:59,ATMO AUVERGNE-RHÔNE-ALPES,FR84ZAG04,ZAG CLERMONT-FERRAND,FR07051,Beaulieu,Périurbaine,PM10,Industrielle,Oui,mesures indicatives,Moy. annuelle,18.0,17.736142993782863,µg-m3,,,,R,1,45.769,3.155,Clermont-Ferrand,63113.0
2022/01/01 00:00:00,2022/12/31 23:59:59,ATMO AUVERGNE-RHÔNE-ALPES,FR84ZRE02,ZR AUVERGNE-RHONE-ALPES,FR07052,Aurillac-Lagarde,Urbaine,PM10,Fond,Oui,mesures indicatives,Moy. annuelle,12.0,12.15972427375677,µg-m3,,,,R,1,44.92008,2.441082,Aurillac,15014.0
2022/01/01 00:00:00,2022/12/31 23:59:59,ATMO AUVERGNE-RHÔNE-ALPES,FR84ZRE02,ZR AUVERGNE-RHONE-ALPES,FR07054,Le Puy-Causans,Urbaine,PM10,Fond,Oui,mesures indicatives,Moy. annuelle,13.0,12.68043324699788,µg-m3,,,,R,1,45.039001,3.887001,Le Puy-en-Velay,43157.0
2022/01/01 00:00:00,2022/12/31 23:59:59,ATMO AUVERGNE-RHÔNE-ALPES,FR84ZRE02,ZR AUVERGNE-RHONE-ALPES,FR07056,Pays du Mezenc,Rurale régionale,PM10,Fond,Oui,mesures indicatives,Moy. annuelle,9.0,8.705349794238684,µg-m3,,,,R,1,44.98377,4.226006,Fay-sur-Lignon,43092.0
2022/01/01 00:00:00,2022/12/31 23:59:59,ATMO AUVERGNE-RHÔNE-ALPES,FR84ZRE02,ZR AUVERGNE-RHONE-ALPES,FR07057,Moulins Centre,Urbaine,PM10,Fond,Oui,mesures fixes,Moy. annuelle,16.0,16.28984090155787,µg-m3,69.0,100.0,69.0,N,-1,46.5619722,3.34063888888888,Yzeure,3321.0
2022/01/01 00:00:00,2022/12/31 23:59:59,ATMO AUVERGNE-RHÔNE-ALPES,FR84ZRE02,ZR AUVERGNE-RHONE-ALPES,FR07058,Montluçon,Urbaine,PM10,Fond,Oui,mesures indicatives,Moy. annuelle,15.0,14.615795493537696,µg-m3,,,,R,1,46.340723,2.593945,Montluçon,3185.0
2022/01/01 00:00:00,2022/12/31 23:59:59,ATMO AUVERGNE-RHÔNE-ALPES,FR84ZRE02,ZR AUVERGNE-RHONE-ALPES,FR07059,Vichy,Urbaine,PM10,Fond,Oui,mesures indicatives,Moy. annuelle,14.0,14.20317040951122,µg-m3,,,,R,1,46.130431,3.425694,Vichy,3310.0
2022/01/01 00:00:00,2022/12/31 23:59:59,ATMO AUVERGNE-RHÔNE-ALPES,FR84ZAG04,ZAG CLERMONT-FERRAND,FR07061,Riom Périurbaine,Périurbaine,PM10,Fond,Oui,mesures indicatives,Moy. annuelle,15.0,14.6534681372549,µg-m3,,,,R,1,45.89674,3.122254,Riom,63300.0
2022/01/01 00:00:00,2022/12/31 23:59:59,ATMO OCCITANIE,FR76ZAG02,ZAG MONTPELLIER,FR08016,Montpellier Prés d'Arènes,Urbaine,PM10,Fond,Oui,mesures fixes,Moy. annuelle,16.0,16.430731421884182,µg-m3,98.0,99.0,98.0,R,1,43.5915,3.88681,Montpellier,34172.0
2022/01/01 00:00:00,2022/12/31 23:59:59,ATMO OCCITANIE,FR76ZRE01,ZR OCCITANIE,FR08020,Lunel Viel,Périurbaine,PM10,Industrielle,Oui,mesures indicatives,Moy. annuelle,16.0,15.943256028614272,µg-m3,,,,R,1,43.6758,4.08838,Lunel-Viel,34146.0
2022/01/01 00:00:00,2022/12/31 23:59:59,ATMO OCCITANIE,FR76ZAG02,ZAG MONTPELLIER,FR08030,Pompignane,Urbaine,PM10,Trafic,Oui,mesures fixes,Moy. annuelle,21.0,20.70906750906743,µg-m3,99.0,99.0,98.0,R,1,43.6096,3.89878,Montpellier,34172.0
2022/01/01 00:00:00,2022/12/31 23:59:59,ATMO OCCITANIE,FR76ZAR02,ZAR NIMES,FR08614,Nimes Gauzy,Urbaine,PM10,Fond,Oui,mesures fixes,Moy. annuelle,15.0,15.299434963099628,µg-m3,99.0,100.0,99.0,R,1,43.8344,4.3744,Nîmes,30189.0
2022/01/01 00:00:00,2022/12/31 23:59:59,ATMO OCCITANIE,FR76ZAR02,ZAR NIMES,FR08616,Nimes Planas,Urbaine,PM10,Trafic,Oui,mesures fixes,Moy. annuelle,22.0,21.737093222412494,µg-m3,96.0,97.0,93.0,R,1,43.8299,4.36199,Nîmes,30189.0
2022/01/01 00:00:00,2022/12/31 23:59:59,ATMO OCCITANIE,FR76ZAR01,ZAR PERPIGNAN,FR08713,Perpignan Rigaud,Urbaine,PM10,Fond,Oui,mesures fixes,Moy. annuelle,15.0,14.806825938566552,µg/m3,97.0,28.0,27.0,N,-1,42.6835,2.90351,Perpignan,66136.0
2022/01/01 00:00:00,2022/12/31 23:59:59,ATMO OCCITANIE,FR76ZAR01,ZAR PERPIGNAN,FR08714,Perpignan Les Carmes,Urbaine,PM10,Fond,Oui,mesures fixes,Moy. annuelle,16.0,15.800271418456424,µg-m3,98.0,99.0,97.0,R,1,42.6955,2.90053,Perpignan,66136.0
2022/01/01 00:00:00,2022/12/31 23:59:59,ATMO NOUVELLE-AQUITAINE,FR75ZRE02,ZR NOUVELLE-AQUITAINE,FR09003,place de VERDUN,Urbaine,PM10,Fond,Oui,mesures fixes,Moy. annuelle,18.0,18.259670686456445,µg-m3,99.0,100.0,98.0,R,1,46.162647,-1.153684,La Rochelle,17300.0
2022/01/01 00:00:00,2022/12/31 23:59:59,ATMO NOUVELLE-AQUITAINE,FR75ZRE02,ZR NOUVELLE-AQUITAINE,FR09008,Aytré,Périurbaine,PM10,Fond,Oui,mesures fixes,Moy. annuelle,18.0,17.819795869926384,µg-m3,96.0,100.0,96.0,R,1,46.135134,-1.117086,Aytré,17028.0
2022/01/01 00:00:00,2022/12/31 23:59:59,ATMO NOUVELLE-AQUITAINE,FR75ZRE02,ZR NOUVELLE-AQUITAINE,FR09015,Les Couronneries,Urbaine,PM10,Fond,Oui,mesures fixes,Moy. annuelle,14.0,14.482423873325162,µg-m3,94.0,100.0,94.0,R,1,46.586958,0.358458,Poitiers,86194.0
2022/01/01 00:00:00,2022/12/31 23:59:59,ATMO NOUVELLE-AQUITAINE,FR75ZRE02,ZR NOUVELLE-AQUITAINE,FR09103,Square Pablo Casals,Urbaine,PM10,Fond,Oui,mesures fixes,Moy. annuelle,15.0,15.032792959703547,µg-m3,99.0,100.0,99.0,R,1,45.647428,0.167162,Angoulême,16015.0
2022/01/01 00:00:00,2022/12/31 23:59:59,ATMO NOUVELLE-AQUITAINE,FR75ZRE02,ZR NOUVELLE-AQUITAINE,FR09106,ANGOULEME-GAMBETTA,Urbaine,PM10,Trafic,Oui,mesures fixes,Moy. annuelle,20.0,19.668827276133403,µg-m3,96.0,95.0,91.0,R,1,45.651464,0.162391,Angoulême,16015.0
2022/01/01 00:00:00,2022/12/31 23:59:59,ATMO NOUVELLE-AQUITAINE,FR75ZRE02,ZR NOUVELLE-AQUITAINE,FR09203,La Pallice3 LR,Urbaine,PM10,Industrielle,Oui,mesures fixes,Moy. annuelle,20.0,19.575878906250043,µg-m3,97.0,96.0,94.0,R,1,46.161632,-1.211229,La Rochelle,17300.0
2022/01/01 00:00:00,2022/12/31 23:59:59,ATMO NOUVELLE-AQUITAINE,FR75ZRE02,ZR NOUVELLE-AQUITAINE,FR09302,Zoodyssée Chizé,Rurale régionale,PM10,Fond,Oui,mesures fixes,Moy. annuelle,14.0,14.480999055266864,µg-m3,97.0,99.0,97.0,R,1,46.143234,-0.395913,Villiers-en-Bois,79350.0
2022/01/01 00:00:00,2022/12/31 23:59:59,ATMO NOUVELLE-AQUITAINE,FR75ZRE02,ZR NOUVELLE-AQUITAINE,FR09303,Niort Venise,Urbaine,PM10,Fond,Oui,mesures fixes,Moy. annuelle,15.0,14.671929215822336,µg-m3,99.0,100.0,99.0,R,1,46.320028,-0.482861,Niort,79191.0
2022/01/01 00:00:00,2022/12/31 23:59:59,ATMO NOUVELLE-AQUITAINE,FR75ZRE02,ZR NOUVELLE-AQUITAINE,FR09304,AIRVAULT - Stade Laillé,Périurbaine,PM10,Fond,Oui,mesures fixes,Moy. annuelle,16.0,15.782883420926868,µg-m3,96.0,100.0,96.0,R,1,46.823796,-0.135634,Airvault,79005.0
2022/01/01 00:00:00,2022/12/31 23:59:59,ATMO NOUVELLE-AQUITAINE,FR75ZRE02,ZR NOUVELLE-AQUITAINE,FR09305,Niort - Tassigny,Urbaine,PM10,Trafic,Oui,mesures fixes,Moy. annuelle,20.0,20.331060698957653,µg-m3,95.0,98.0,93.0,R,1,46.333881,-0.471878,Niort,79191.0
2022/01/01 00:00:00,2022/12/31 23:59:59,ATMO NOUVELLE-AQUITAINE,FR75ZRE02,ZR NOUVELLE-AQUITAINE,FR09403,Poitiers-Le Nain,Urbaine,PM10,Trafic,Oui,mesures fixes,Moy. annuelle,22.0,22.24782709200185,µg-m3,99.0,100.0,99.0,R,1,46.591231,0.34039,Poitiers,86194.0
2022/01/01 00:00:00,2022/12/31 23:59:59,ATMO NOUVELLE-AQUITAINE,FR75ZRE02,ZR NOUVELLE-AQUITAINE,FR09404,Poitiers Centre  Augouard,Urbaine,PM10,Fond,Oui,mesures fixes,Moy. annuelle,15.0,14.805269213069485,µg-m3,99.0,100.0,99.0,R,1,46.583998,0.345582,Poitiers,86194.0
2022/01/01 00:00:00,2022/12/31 23:59:59,ATMO HAUTS DE FRANCE,FR32ZAR01,ZAR COTE-D-OPALE,FR10004,Malo-les-Bains,Urbaine,PM10,Fond,Oui,mesures fixes,Moy. annuelle,18.0,17.904481494619763,µg-m3,97.0,100.0,97.0,R,1,51.04858,2.42004,Dunkerque,59183.0
2022/01/01 00:00:00,2022/12/31 23:59:59,ATMO HAUTS DE FRANCE,FR32ZAR01,ZAR COTE-D-OPALE,FR10012,Mardyck,Périurbaine,PM10,Industrielle,Oui,mesures fixes,Moy. annuelle,21.0,20.755198180636835,µg-m3,70.0,100.0,70.0,N,-1,51.01943,2.25099,Dunkerque,59183.0
2022/01/01 00:00:00,2022/12/31 23:59:59,ATMO HAUTS DE FRANCE,FR32ZAR01,ZAR COTE-D-OPALE,FR10016,Calais Berthelot,Urbaine,PM10,Fond,Oui,mesures fixes,Moy. annuelle,19.0,18.97115173674592,µg-m3,94.0,99.0,94.0,R,1,50.94729,1.84308,Calais,62193.0
2022/01/01 00:00:00,2022/12/31 23:59:59,ATMO HAUTS DE FRANCE,FR32ZAR01,ZAR COTE-D-OPALE,FR10017,St Pol mer - cheminots,Urbaine,PM10,Fond,Oui,mesures fixes,Moy. annuelle,25.0,24.57726946966084,µg-m3,96.0,100.0,96.0,R,1,51.032761,2.332358,Dunkerque,59183.0
2022/01/01 00:00:00,2022/12/31 23:59:59,ATMO HAUTS DE FRANCE,FR32ZAR01,ZAR COTE-D-OPALE,FR10025,Sangatte,Périurbaine,PM10,Fond,Oui,mesures fixes,Moy. annuelle,21.0,21.456984667802427,µg-m3,94.0,100.0,94.0,R,1,50.94989,1.76917,Sangatte,62774.0
2022/01/01 00:00:00,2022/12/31 23:59:59,ATMO HAUTS DE FRANCE,FR32ZAR01,ZAR COTE-D-OPALE,FR10026,Calais Parmentier,Urbaine,PM10,Fond,Oui,mesures fixes,Moy. annuelle,19.0,18.84994064577388,µg-m3,97.0,99.0,96.0,R,1,50.9578,1.89008,Calais,62193.0
2022/01/01 00:00:00,2022/12/31 23:59:59,ATMO HAUTS DE FRANCE,FR32ZAR01,ZAR COTE-D-OPALE,FR10028,Gravelines PC/Drire,Périurbaine,PM10,Industrielle,Oui,mesures fixes,Moy. annuelle,21.0,21.45374015748031,µg-m3,96.0,97.0,93.0,R,1,50.98106,2.14317,Gravelines,59273.0
2022/01/01 00:00:00,2022/12/31 23:59:59,ATMO HAUTS DE FRANCE,FR32ZAR01,ZAR COTE-D-OPALE,FR10029,Cappelle la Grande,Périurbaine,PM10,Fond,Oui,mesures fixes,Moy. annuelle,20.0,19.64510572748927,µg-m3,93.0,87.0,82.0,N,-1,50.99594,2.36627,Cappelle-la-Grande,59131.0
2022/01/01 00:00:00,2022/12/31 23:59:59,ATMO HAUTS DE FRANCE,FR32ZAR01,ZAR COTE-D-OPALE,FR10030,Boulogne Diderot,Urbaine,PM10,Trafic,Oui,mesures fixes,Moy. annuelle,22.0,21.75453791960205,µg-m3,84.0,99.0,83.0,N,-1,50.717029,1.605913,Boulogne-sur-Mer,62160.0
2022/01/01 00:00:00,2022/12/31 23:59:59,ATMO HAUTS DE FRANCE,FR32ZAR01,ZAR COTE-D-OPALE,FR10032,Outreau,Périurbaine,PM10,Fond,Oui,mesures fixes,Moy. annuelle,18.0,18.32064198315592,µg-m3,74.0,96.0,72.0,N,-1,50.69435,1.57657,Outreau,62643.0
2022/01/01 00:00:00,2022/12/31 23:59:59,ATMO HAUTS DE FRANCE,FR32ZAR01,ZAR COTE-D-OPALE,FR10034,Grande-synthe,Urbaine,PM10,Industrielle,Oui,mesures fixes,Moy. annuelle,25.0,25.03563528459667,µg-m3,92.0,92.0,85.0,R,1,51.02446,2.30215,Grande-Synthe,59271.0
2022/01/01 00:00:00,2022/12/31 23:59:59,ATMO HAUTS DE FRANCE,FR32ZAR01,ZAR COTE-D-OPALE,FR10041,St Omer Ribot,Urbaine,PM10,Fond,Oui,mesures fixes,Moy. annuelle,17.0,17.251314126863768,µg-m3,94.0,96.0,90.0,R,1,50.74823,2.25978,Saint-Omer,62765.0
2022/01/01 00:00:00,2022/12/31 23:59:59,ATMO HAUTS DE FRANCE,FR32ZRE01,ZR HAUTS-DE-FRANCE,FR10132,Campagne les B.,Rurale régionale,PM10,Fond,Oui,mesures fixes,Moy. annuelle,16.0,16.472582949674575,µg-m3,72.0,100.0,72.0,N,-1,50.61048,1.99145,Campagne-lès-Boulonnais,62202.0
2022/01/01 00:00:00,2022/12/31 23:59:59,ATMO HAUTS DE FRANCE,FR32ZAG02,ZAG LILLE,FR11016,Marcq CTM,Urbaine,PM10,Fond,Oui,mesures fixes,Moy. annuelle,21.0,21.241168200409057,µg-m3,89.0,100.0,89.0,R,1,50.67003,3.07656,Marcq-en-Barœul,59378.0
2022/01/01 00:00:00,2022/12/31 23:59:59,ATMO HAUTS DE FRANCE,FR32ZAG02,ZAG LILLE,FR11025,Lille Fives,Urbaine,PM10,Fond,Oui,mesures fixes,Moy. annuelle,10.0,10.27625,µg-m3,83.0,1.0,1.0,N,-1,50.62805,3.09031,Lille,59350.0
2022/01/01 00:00:00,2022/12/31 23:59:59,ATMO HAUTS DE FRANCE,FR32ZAG02,ZAG LILLE,FR11034,Roubaix Serres,Urbaine,PM10,Trafic,Oui,mesures fixes,Moy. annuelle,23.0,22.82572227399816,µg-m3,88.0,98.0,86.0,R,1,50.706535,3.18066,Roubaix,59512.0
2022/01/01 00:00:00,2022/12/31 23:59:59,ATMO OCCITANIE,FR76ZAG01,ZAG TOULOUSE,FR12004,ECOLE M.JACQUIER,Urbaine,PM10,Fond,Oui,mesures fixes,Moy. annuelle,17.0,17.246844944874532,µg/m3,98.0,100.0,97.0,R,1,43.575694,1.418064,Toulouse,31555.0
2022/01/01 00:00:00,2022/12/31 23:59:59,ATMO OCCITANIE,FR76ZRE01,ZR OCCITANIE,FR12020,PEYRUSSE,Rurale nationale,PM10,Fond,Oui,mesures fixes,Moy. annuelle,11.0,11.24353968071666,µg/m3,99.0,100.0,99.0,R,1,43.6287,0.179069,Peyrusse-Vieille,32317.0
2022/01/01 00:00:00,2022/12/31 23:59:59,ATMO OCCITANIE,FR76ZAG01,ZAG TOULOUSE,FR12021,Toulouse Mazades,Urbaine,PM10,Fond,Oui,mesures indicatives,Moy. annuelle,16.0,16.09053587856486,µg/m3,,,,R,1,43.623606,1.438531,Toulouse,31555.0
2022/01/01 00:00:00,2022/12/31 23:59:59,ATMO OCCITANIE,FR76ZRE01,ZR OCCITANIE,FR12026,ALBI DELMAS,Urbaine,PM10,Fond,Oui,mesures fixes,Moy. annuelle,15.0,15.200095762508983,µg-m3,95.0,100.0,95.0,R,1,43.927769,2.145897,Albi,81004.0
2022/01/01 00:00:00,2022/12/31 23:59:59,ATMO OCCITANIE,FR76ZAG01,ZAG TOULOUSE,FR12030,Toulouse Berthelot,Urbaine,PM10,Fond,Oui,mesures fixes,Moy. annuelle,18.0,17.977168037602844,µg-m3,97.0,100.0,97.0,R,1,43.587344,1.444003,Toulouse,31555.0
2022/01/01 00:00:00,2022/12/31 23:59:59,ATMO OCCITANIE,FR76ZAG01,ZAG TOULOUSE,FR12039,EISENHOWER SETMI,Urbaine,PM10,Industrielle,Oui,mesures indicatives,Moy. annuelle,19.0,19.456064471243035,µg-m3,,,,R,1,43.561581,1.393261,Toulouse,31555.0
2022/01/01 00:00:00,2022/12/31 23:59:59,ATMO OCCITANIE,FR76ZAG01,ZAG TOULOUSE,FR12040,CHAPITRE SETMI,Urbaine,PM10,Industrielle,Oui,mesures indicatives,Moy. annuelle,20.0,20.19108690559851,µg-m3,,,,R,1,43.556375,1.403964,Toulouse,31555.0
2022/01/01 00:00:00,2022/12/31 23:59:59,ATMO OCCITANIE,FR76ZRE01,ZR OCCITANIE,FR12042,LOURDES LAPACCA,Urbaine,PM10,Fond,Oui,mesures fixes,Moy. annuelle,15.0,14.671399176954749,µg-m3,100.0,100.0,100.0,R,1,43.096247,-0.040497,Lourdes,65286.0
2022/01/01 00:00:00,2022/12/31 23:59:59,ATMO OCCITANIE,FR76ZAG01,ZAG TOULOUSE,FR12044,Toulouse aéroport côté trafic,Urbaine,PM10,Industrielle,Oui,mesures indicatives,Moy. annuelle,17.0,16.59414476717382,µg-m3,,,,R,1,43.633478,1.375717,Blagnac,31069.0
2022/01/01 00:00:00,2022/12/31 23:59:59,ATMO OCCITANIE,FR76ZRE01,ZR OCCITANIE,FR12047,BESSIERES ECONOTRE,Rurale près des villes,PM10,Industrielle,Oui,mesures fixes,Moy. annuelle,15.0,15.130624711848805,µg/m3,99.0,100.0,99.0,R,1,43.803139,1.595475,Bessières,31066.0
2022/01/01 00:00:00,2022/12/31 23:59:59,ATMO OCCITANIE,FR76ZRE01,ZR OCCITANIE,FR12052,Tarbes lycée Dupuy,Urbaine,PM10,Fond,Oui,mesures fixes,Moy. annuelle,17.0,16.568645618851505,µg-m3,100.0,100.0,100.0,R,1,43.230297,0.062339,Tarbes,65440.0
2022/01/01 00:00:00,2022/12/31 23:59:59,ATMO OCCITANIE,FR76ZRE01,ZR OCCITANIE,FR12053,Stade Travet CASTRES,Urbaine,PM10,Fond,Oui,mesures fixes,Moy. annuelle,14.0,14.095448427749908,µg/m3,94.0,99.0,93.0,R,1,43.610497,2.23015,Castres,81065.0
2022/01/01 00:00:00,2022/12/31 23:59:59,ATMO OCCITANIE,FR76ZAG01,ZAG TOULOUSE,FR12054,TRAFIC_TOULOUSE,Urbaine,PM10,Trafic,Oui,mesures fixes,Moy. annuelle,20.0,20.370858860247377,µg/m3,99.0,100.0,99.0,R,1,43.643944,1.468244,Toulouse,31555.0
2022/01/01 00:00:00,2022/12/31 23:59:59,ATMO OCCITANIE,FR76ZAG01,ZAG TOULOUSE,FR12085,Toulouse Port de l'Embouchure,Urbaine,PM10,Trafic,Oui,mesures fixes,Moy. annuelle,23.0,22.55653192735788,µg-m3,97.0,100.0,97.0,R,1,43.610386,1.4152,Toulouse,31555.0
2022/01/01 00:00:00,2022/12/31 23:59:59,ATMO OCCITANIE,FR76ZRE01,ZR OCCITANIE,FR12095,Rodez,Urbaine,PM10,Fond,Oui,mesures fixes,Moy. annuelle,13.0,13.432865497075998,µg-m3,98.0,100.0,98.0,R,1,44.35699225,2.57070422,Rodez,12202.0
2022/01/01 00:00:00,2022/12/31 23:59:59,ATMO GRAND EST,FR44ZRE01,ZR GRAND-EST,FR14008,REVIN,Rurale nationale,PM10,Fond,Oui,mesures fixes,Moy. annuelle,12.0,12.208757904784637,µg-m3,96.0,100.0,96.0,R,1,49.90778,4.63,,
2022/01/01 00:00:00,2022/12/31 23:59:59,ATMO GRAND EST,FR44ZAR01,ZAR REIMS,FR14010,BETHENY,Périurbaine,PM10,Fond,Oui,mesures fixes,Moy. annuelle,17.0,16.822734093637447,µg-m3,76.0,100.0,76.0,N,-1,49.28222,4.051111,Bétheny,51055.0
2022/01/01 00:00:00,2022/12/31 23:59:59,ATMO GRAND EST,FR44ZAR01,ZAR REIMS,FR14011,DOUMER,Urbaine,PM10,Trafic,Oui,mesures fixes,Moy. annuelle,24.0,24.06495992343573,µg-m3,95.0,100.0,95.0,R,1,49.250732,4.023064,Reims,51454.0
2022/01/01 00:00:00,2022/12/31 23:59:59,ATMO GRAND EST,FR44ZAR01,ZAR REIMS,FR14012,Jean d Aulan,Urbaine,PM10,Fond,Oui,mesures fixes,Moy. annuelle,20.0,19.82770032731237,µg-m3,94.0,100.0,94.0,R,1,49.224167,4.020556,Reims,51454.0
2022/01/01 00:00:00,2022/12/31 23:59:59,ATMO GRAND EST,FR44ZRE01,ZR GRAND-EST,FR14022,CHALONS,Urbaine,PM10,Fond,Oui,mesures fixes,Moy. annuelle,17.0,16.623407998123632,µg-m3,97.0,100.0,97.0,R,1,48.962223,4.36,Châlons-en-Champagne,51108.0
2022/01/01 00:00:00,2022/12/31 23:59:59,ATMO GRAND EST,FR44ZRE01,ZR GRAND-EST,FR14028,Rempart Perrier,Urbaine,PM10,Trafic,Oui,mesures fixes,Moy. annuelle,20.0,19.894272716668684,µg/m3,98.0,100.0,98.0,R,1,49.0461,3.955911,Épernay,51230.0
2022/01/01 00:00:00,2022/12/31 23:59:59,ATMO GRAND EST,FR44ZRE01,ZR GRAND-EST,FR14031,Troyes La Tour ,Urbaine,PM10,Fond,Oui,mesures fixes,Moy. annuelle,16.0,16.43293143344289,µg-m3,95.0,99.0,94.0,R,1,48.301666,4.076944,Troyes,10387.0
2022/01/01 00:00:00,2022/12/31 23:59:59,ATMO GRAND EST,FR44ZRE01,ZR GRAND-EST,FR14033,STE SAVINE,Urbaine,PM10,Fond,Oui,mesures fixes,Moy. annuelle,16.0,15.999270495599914,µg-m3,99.0,100.0,99.0,R,1,48.295002,4.050278,Sainte-Savine,10362.0
2022/01/01 00:00:00,2022/12/31 23:59:59,ATMO GRAND EST,FR44ZRE01,ZR GRAND-EST,FR14042,St DIZIER L. Michel,Urbaine,PM10,Fond,Oui,mesures fixes,Moy. annuelle,15.0,15.044316777860166,µg-m3,92.0,100.0,92.0,R,1,48.645836,4.966111,Saint-Dizier,52448.0
2022/01/01 00:00:00,2022/12/31 23:59:59,ATMO GRAND EST,FR44ZRE01,ZR GRAND-EST,FR14051,CHARLEVILLE,Urbaine,PM10,Fond,Oui,mesures fixes,Moy. annuelle,20.0,19.89720979205055,µg-m3,87.0,100.0,87.0,R,1,49.745277,4.719167,Charleville-Mézières,8105.0
2022/01/01 00:00:00,2022/12/31 23:59:59,ATMO AUVERGNE-RHÔNE-ALPES,FR84ZAG02,ZAG GRENOBLE,FR15018,Voiron Urbain,Urbaine,PM10,Fond,Oui,mesures indicatives,Moy. annuelle,15.0,15.069539198084986,µg-m3,,,,R,1,45.360176,5.589419,Voiron,38563.0
2022/01/01 00:00:00,2022/12/31 23:59:59,ATMO AUVERGNE-RHÔNE-ALPES,FR84ZAG02,ZAG GRENOBLE,FR15038,St Martin d'Heres,Urbaine,PM10,Fond,Oui,mesures indicatives,Moy. annuelle,20.0,20.382577174929843,µg-m3,,,,R,1,45.1828,5.7531,Saint-Martin-d'Hères,38421.0
2022/01/01 00:00:00,2022/12/31 23:59:59,ATMO AUVERGNE-RHÔNE-ALPES,FR84ZAG02,ZAG GRENOBLE,FR15043,Grenoble Les Frenes,Urbaine,PM10,Fond,Oui,mesures indicatives,Moy. annuelle,19.0,18.753684086629004,µg-m3,,,,R,1,45.1619,5.7356,Grenoble,38185.0
2022/01/01 00:00:00,2022/12/31 23:59:59,ATMO AUVERGNE-RHÔNE-ALPES,FR84ZAG02,ZAG GRENOBLE,FR15045,Grenoble PeriurbSud,Périurbaine,PM10,Fond,Oui,mesures indicatives,Moy. annuelle,14.0,14.192027091254776,µg-m3,,,,R,1,45.0578,5.6767,Vif,38545.0
2022/01/01 00:00:00,2022/12/31 23:59:59,ATMO AUVERGNE-RHÔNE-ALPES,FR84ZAG02,ZAG GRENOBLE,FR15046,Grenoble Boulevards,Urbaine,PM10,Trafic,Oui,mesures indicatives,Moy. annuelle,22.0,22.01042703694,µg-m3,,,,R,1,45.18069,5.720625,Grenoble,38185.0
2022/01/01 00:00:00,2022/12/31 23:59:59,ATMO AUVERGNE-RHÔNE-ALPES,FR84ZAG02,ZAG GRENOBLE,FR15048,Gresivaudan Periurb,Périurbaine,PM10,Fond,Oui,mesures indicatives,Moy. annuelle,17.0,17.404210526315797,µg-m3,,,,R,1,45.2797,5.8822,Crolles,38140.0
2022/01/01 00:00:00,2022/12/31 23:59:59,ATMO AUVERGNE-RHÔNE-ALPES,FR84ZAG02,ZAG GRENOBLE,FR15053,Rocade Sud Eybens,Urbaine,PM10,Trafic,Oui,mesures fixes,Moy. annuelle,26.0,25.60576483331332,µg-m3,95.0,100.0,95.0,R,1,45.15467,5.74523,Eybens,38158.0
2022/01/01 00:00:00,2022/12/31 23:59:59,ATMO GRAND EST,FR44ZAG01,ZAG STRASBOURG,FR16029,Strasbourg Nord,Urbaine,PM10,Fond,Oui,mesures fixes,Moy. annuelle,20.0,20.18747944561906,µg-m3,97.0,100.0,97.0,R,1,48.610363,7.781631,Strasbourg,67482.0
2022/01/01 00:00:00,2022/12/31 23:59:59,ATMO GRAND EST,FR44ZAG01,ZAG STRASBOURG,FR16034,Strasbourg Clemenceau,Urbaine,PM10,Trafic,Oui,mesures fixes,Moy. annuelle,21.0,20.8490687514371,µg-m3,99.0,100.0,99.0,R,1,48.59043,7.744983,Strasbourg,67482.0
2022/01/01 00:00:00,2022/12/31 23:59:59,ATMO GRAND EST,FR44ZAG01,ZAG STRASBOURG,FR16040,Strasbourg A35,Urbaine,PM10,Trafic,Oui,mesures fixes,Moy. annuelle,23.0,22.52724593256307,µg-m3,97.0,99.0,97.0,R,1,48.575985,7.727478,Strasbourg,67482.0
2022/01/01 00:00:00,2022/12/31 23:59:59,ATMO GRAND EST,FR44ZRE01,ZR GRAND-EST,FR16054,Colmar Centre,Urbaine,PM10,Fond,Oui,mesures fixes,Moy. annuelle,16.0,16.027467218771562,µg-m3,99.0,100.0,99.0,R,1,48.0744444,7.3505555,Colmar,68066.0
2022/01/01 00:00:00,2022/12/31 23:59:59,ATMO GRAND EST,FR44ZRE01,ZR GRAND-EST,FR16057,Mulhouse Nord,Urbaine,PM10,Fond,Oui,mesures fixes,Moy. annuelle,15.0,14.635032371983474,µg-m3,97.0,100.0,97.0,R,1,47.757435,7.347294,Mulhouse,68224.0
2022/01/01 00:00:00,2022/12/31 23:59:59,ATMO GRAND EST,FR44ZRE01,ZR GRAND-EST,FR16060,C.C.3 Frontières,Périurbaine,PM10,Fond,Oui,mesures fixes,Moy. annuelle,16.0,16.232508345804032,µg-m3,99.0,100.0,99.0,R,1,47.594913,7.568175,Village-Neuf,68349.0
2022/01/01 00:00:00,2022/12/31 23:59:59,ATMO GRAND EST,FR44ZRE01,ZR GRAND-EST,FR16066,Mulhouse Sud 2,Urbaine,PM10,Fond,Oui,mesures fixes,Moy. annuelle,18.0,18.01475587703435,µg-m3,95.0,100.0,95.0,R,1,47.737415,7.309075,Mulhouse,68224.0
2022/01/01 00:00:00,2022/12/31 23:59:59,ATMO GRAND EST,FR44ZRE01,ZR GRAND-EST,FR16069,Mulhouse-Briand,Urbaine,PM10,Trafic,Oui,mesures fixes,Moy. annuelle,19.0,19.221734623358696,µg-m3,99.0,100.0,99.0,R,1,47.747684,7.321364,Mulhouse,68224.0
2022/01/01 00:00:00,2022/12/31 23:59:59,ATMO GRAND EST,FR44ZAG01,ZAG STRASBOURG,FR16215,Strasbourg A35 Remparts,Urbaine,PM10,Trafic,Oui,mesures fixes,Moy. annuelle,24.0,24.40568648141636,µg-m3,97.0,100.0,97.0,R,1,48.588056,7.729722,Strasbourg,67482.0
2022/01/01 00:00:00,2022/12/31 23:59:59,ATMO GRAND EST,FR44ZRE01,ZR GRAND-EST,FR16302,Donon Vosges Moyennes 2,Rurale nationale,PM10,Fond,Oui,mesures fixes,Moy. annuelle,9.0,9.199059201468554,µg-m3,99.0,100.0,99.0,R,1,48.492992,7.1298,,
2022/01/01 00:00:00,2022/12/31 23:59:59,ATMO HAUTS DE FRANCE,FR32ZAR03,ZAR CREIL,FR18019,Nogent sur Oise,Périurbaine,PM10,Fond,Oui,mesures fixes,Moy. annuelle,21.0,21.35105386416861,µg-m3,89.0,5.0,5.0,N,-1,49.276386,2.482167,Nogent-sur-Oise,60463.0
2022/01/01 00:00:00,2022/12/31 23:59:59,ATMO HAUTS DE FRANCE,FR32ZAR02,ZAR AMIENS,FR18035,Salouel,Périurbaine,PM10,Fond,Oui,mesures fixes,Moy. annuelle,16.0,16.287934290030226,µg-m3,60.0,100.0,60.0,N,-1,49.86889,2.239806,Salouël,80725.0
2022/01/01 00:00:00,2022/12/31 23:59:59,ATMO HAUTS DE FRANCE,FR32ZRE01,ZR HAUTS-DE-FRANCE,FR18039,Arrest,Rurale régionale,PM10,Fond,Oui,mesures fixes,Moy. annuelle,21.0,20.50781850807463,µg-m3,89.0,100.0,89.0,R,1,50.129448,1.610833,Arrest,80029.0
2022/01/01 00:00:00,2022/12/31 23:59:59,ATMO HAUTS DE FRANCE,FR32ZRE01,ZR HAUTS-DE-FRANCE,FR18042,P. Roth St Quentin,Urbaine,PM10,Fond,Oui,mesures fixes,Moy. annuelle,14.0,14.283988630980566,µg-m3,24.0,100.0,24.0,N,-1,49.851334,3.284,Saint-Quentin,2691.0
2022/01/01 00:00:00,2022/12/31 23:59:59,ATMO HAUTS DE FRANCE,FR32ZAR03,ZAR CREIL,FR18043,Faiencerie Creil,Urbaine,PM10,Fond,Oui,mesures fixes,Moy. annuelle,16.0,15.92021573142652,µg-m3,97.0,97.0,94.0,R,1,49.259552,2.474397,Creil,60175.0
2022/01/01 00:00:00,2022/12/31 23:59:59,ATMO HAUTS DE FRANCE,FR32ZAR02,ZAR AMIENS,FR18053,St Pierre Amiens,Urbaine,PM10,Fond,Oui,mesures fixes,Moy. annuelle,16.0,15.50431993156543,µg-m3,81.0,99.0,80.0,N,-1,49.901667,2.304597,Amiens,80021.0
2022/01/01 00:00:00,2022/12/31 23:59:59,ATMO HAUTS DE FRANCE,FR32ZRE01,ZR HAUTS-DE-FRANCE,FR18057,Neuilly-Saint-Front,Rurale régionale,PM10,Fond,Oui,mesures fixes,Moy. annuelle,16.0,15.940364550597137,µg-m3,91.0,100.0,91.0,R,1,49.174931,3.260819,Neuilly-Saint-Front,2543.0
2022/01/01 00:00:00,2022/12/31 23:59:59,ATMO HAUTS DE FRANCE,FR32ZRE01,ZR HAUTS-DE-FRANCE,FR18089,Trafic Beauvais 1,Urbaine,PM10,Trafic,Oui,mesures fixes,Moy. annuelle,18.0,18.03530889000502,µg-m3,69.0,99.0,68.0,N,-1,49.435932,2.084292,Beauvais,60057.0
2022/01/01 00:00:00,2022/12/31 23:59:59,AIR BREIZH,FR53ZAG01,ZAG RENNES,FR19002,Rennes Laennec,Urbaine,PM10,Trafic,Oui,mesures fixes,Moy. annuelle,16.0,16.12197160522097,µg-m3,100.0,100.0,100.0,R,1,48.10861,-1.66586,Rennes,35238.0
2022/01/01 00:00:00,2022/12/31 23:59:59,AIR BREIZH,FR53ZAR01,ZAR BREST,FR19012,Brest Mace,Urbaine,PM10,Fond,Oui,mesures fixes,Moy. annuelle,19.0,19.476694619147384,µg-m3,98.0,100.0,98.0,R,1,48.38618,-4.4866,Brest,29019.0
2022/01/01 00:00:00,2022/12/31 23:59:59,AIR BREIZH,FR53ZAR01,ZAR BREST,FR19014,Brest Desmoulins,Urbaine,PM10,Trafic,Oui,mesures fixes,Moy. annuelle,22.0,22.2617992177315,µg-m3,98.0,99.0,96.0,R,1,48.39746,-4.48871,Brest,29019.0
2022/01/01 00:00:00,2022/12/31 23:59:59,AIR BREIZH,FR53ZAG01,ZAG RENNES,FR19017,Rennes Pays-Bas,Urbaine,PM10,Fond,Oui,mesures fixes,Moy. annuelle,16.0,16.492172722747668,µg-m3,96.0,95.0,92.0,R,1,48.08965,-1.65911,Rennes,35238.0
2022/01/01 00:00:00,2022/12/31 23:59:59,AIR BREIZH,FR53ZRE01,ZR BRETAGNE,FR19020,Kergoff,Rurale nationale,PM10,Fond,Oui,mesures fixes,Moy. annuelle,12.0,11.598957126303612,µg-m3,99.0,99.0,99.0,R,1,48.261963,-2.943631,,
2022/01/01 00:00:00,2022/12/31 23:59:59,AIR BREIZH,FR53ZRE01,ZR BRETAGNE,FR19032,Lorient B. Bissonnet,Urbaine,PM10,Fond,Oui,mesures fixes,Moy. annuelle,16.0,15.543794162826446,µg-m3,75.0,99.0,74.0,N,-1,47.7425,-3.39501,Lorient,56121.0
2022/01/01 00:00:00,2022/12/31 23:59:59,AIR BREIZH,FR53ZRE01,ZR BRETAGNE,FR19033,Vannes UTA,Urbaine,PM10,Fond,Oui,mesures fixes,Moy. annuelle,14.0,14.314941607510905,µg-m3,100.0,100.0,100.0,R,1,47.64892,-2.76399,Vannes,56260.0
2022/01/01 00:00:00,2022/12/31 23:59:59,AIR BREIZH,FR53ZRE01,ZR BRETAGNE,FR19037,Lorient Normandie,Urbaine,PM10,Trafic,Oui,mesures fixes,Moy. annuelle,20.0,20.00332252836305,µg-m3,99.0,14.0,14.0,N,-1,47.758947,-3.36938,Lorient,56121.0
2022/01/01 00:00:00,2022/12/31 23:59:59,AIR BREIZH,FR53ZAG01,ZAG RENNES,FR19039,Rennes Thabor,Urbaine,PM10,Fond,Oui,mesures fixes,Moy. annuelle,15.0,14.673226544622429,µg-m3,76.0,7.0,5.0,N,-1,48.11521,-1.673088,Rennes,35238.0
2022/01/01 00:00:00,2022/12/31 23:59:59,AIR BREIZH,FR53ZRE01,ZR BRETAGNE,FR19052,Quimper Pommiers,Urbaine,PM10,Trafic,Oui,mesures fixes,Moy. annuelle,19.0,18.659345574387974,µg-m3,98.0,99.0,97.0,R,1,47.99612,-4.09972,Quimper,29232.0
2022/01/01 00:00:00,2022/12/31 23:59:59,AIR BREIZH,FR53ZRE01,ZR BRETAGNE,FR19061,Saint Brieuc Balzac,Urbaine,PM10,Fond,Oui,mesures fixes,Moy. annuelle,16.0,15.594513888888896,µg-m3,99.0,100.0,99.0,R,1,48.51351,-2.74953,Saint-Brieuc,22278.0
2022/01/01 00:00:00,2022/12/31 23:59:59,AIR BREIZH,FR53ZRE01,ZR BRETAGNE,FR19082,StMalo Rocabey,Périurbaine,PM10,Fond,Oui,mesures fixes,Moy. annuelle,23.0,22.60681371982896,µg-m3,99.0,100.0,99.0,R,1,48.65306,-2.00268,Saint-Malo,35288.0
2022/01/01 00:00:00,2022/12/31 23:59:59,ATMO AUVERGNE-RHÔNE-ALPES,FR84ZAG01,ZAG LYON,FR20013,A7 SUD LYONNAIS,Périurbaine,PM10,Trafic,Oui,mesures fixes,Moy. annuelle,26.0,26.21299964834128,µg-m3,97.0,100.0,97.0,R,1,45.720024,4.818156,La Mulatière,69142.0
2022/01/01 00:00:00,2022/12/31 23:59:59,ATMO AUVERGNE-RHÔNE-ALPES,FR84ZAG01,ZAG LYON,FR20017,GERLAND,Urbaine,PM10,Fond,Oui,mesures indicatives,Moy. annuelle,18.0,17.949718529165157,µg-m3,,,,R,1,45.73529,4.829794,Lyon,69387.0
2022/01/01 00:00:00,2022/12/31 23:59:59,ATMO AUVERGNE-RHÔNE-ALPES,FR84ZAG01,ZAG LYON,FR20019,GRANDCLEMENT,Urbaine,PM10,Trafic,Oui,mesures indicatives,Moy. annuelle,23.0,23.261728395061738,µg-m3,,,,N,-1,45.75836,4.886214,Villeurbanne,69266.0
2022/01/01 00:00:00,2022/12/31 23:59:59,ATMO AUVERGNE-RHÔNE-ALPES,FR84ZAG01,ZAG LYON,FR20029,FEYZIN STADE,Périurbaine,PM10,Industrielle,Oui,mesures indicatives,Moy. annuelle,19.0,19.306704575509126,µg-m3,,,,R,1,45.6639,4.8459,Feyzin,69276.0
2022/01/01 00:00:00,2022/12/31 23:59:59,ATMO AUVERGNE-RHÔNE-ALPES,FR84ZAG01,ZAG LYON,FR20031,ST FONS CENTRE,Périurbaine,PM10,Industrielle,Oui,mesures indicatives,Moy. annuelle,19.0,19.27376171352073,µg-m3,,,,R,1,45.7078,4.8644,Saint-Fons,69199.0
2022/01/01 00:00:00,2022/12/31 23:59:59,ATMO AUVERGNE-RHÔNE-ALPES,FR84ZAG01,ZAG LYON,FR20037,TERNAY,Périurbaine,PM10,Fond,Oui,mesures indicatives,Moy. annuelle,19.0,19.048433156431656,µg-m3,,,,R,1,45.6019,4.8022,Ternay,69297.0
2022/01/01 00:00:00,2022/12/31 23:59:59,ATMO AUVERGNE-RHÔNE-ALPES,FR84ZAG01,ZAG LYON,FR20046,VAULX EN VELIN,Urbaine,PM10,Fond,Oui,mesures indicatives,Moy. annuelle,21.0,20.76719778316588,µg-m3,,,,N,-1,45.7789,4.9247,Vaulx-en-Velin,69256.0
2022/01/01 00:00:00,2022/12/31 23:59:59,ATMO AUVERGNE-RHÔNE-ALPES,FR84ZAG01,ZAG LYON,FR20047,COTIERE AIN,Périurbaine,PM10,Fond,Oui,mesures indicatives,Moy. annuelle,14.0,14.227636865896534,µg-m3,,,,R,1,45.823223,4.953958,Miribel,1249.0
2022/01/01 00:00:00,2022/12/31 23:59:59,ATMO AUVERGNE-RHÔNE-ALPES,FR84ZAG01,ZAG LYON,FR20048,SAINT EXUPERY,Périurbaine,PM10,Fond,Oui,mesures indicatives,Moy. annuelle,16.0,16.094756294756284,µg-m3,,,,R,1,45.7533,5.0722,,
2022/01/01 00:00:00,2022/12/31 23:59:59,ATMO AUVERGNE-RHÔNE-ALPES,FR84ZAG01,ZAG LYON,FR20062,LYON Centre,Urbaine,PM10,Fond,Oui,mesures fixes,Moy. annuelle,19.0,18.787701402573365,µg-m3,98.0,100.0,98.0,R,1,45.757732,4.854214,Lyon,69383.0
2022/01/01 00:00:00,2022/12/31 23:59:59,ATMO AUVERGNE-RHÔNE-ALPES,FR84ZAG01,ZAG LYON,FR20069,Lyon Périphérique,Urbaine,PM10,Trafic,Oui,mesures fixes,Moy. annuelle,22.0,22.44113633690157,µg-m3,97.0,100.0,97.0,R,1,45.77482,4.898572,Villeurbanne,69266.0
2022/01/01 00:00:00,2022/12/31 23:59:59,ATMO AUVERGNE-RHÔNE-ALPES,FR84ZAG01,ZAG LYON,FR20070,LYON TRAFIC JAURES,Urbaine,PM10,Trafic,Oui,mesures indicatives,Moy. annuelle,16.0,16.17724080466608,µg-m3,,,,R,1,45.7496944,4.84438888888888,Lyon,69387.0
2022/01/01 00:00:00,2022/12/31 23:59:59,ATMO AUVERGNE-RHÔNE-ALPES,FR84ZAG01,ZAG LYON,FR20077,Villefranche Centre ,Urbaine,PM10,Fond,Oui,mesures fixes,Moy. annuelle,17.0,17.07872165432968,µg-m3,98.0,99.0,97.0,R,1,45.990112,4.715566,Villefranche-sur-Saône,69264.0
2022/01/01 00:00:00,2022/12/31 23:59:59,ATMO NORMANDIE,FR28ZAR02,ZAR CAEN,FR21001,Caen Chemin-Vert,Urbaine,PM10,Fond,Oui,mesures fixes,Moy. annuelle,14.0,13.741827586206831,µg-m3,99.0,100.0,99.0,R,1,49.19222,-0.391111,Caen,14118.0
2022/01/01 00:00:00,2022/12/31 23:59:59,ATMO NORMANDIE,FR28ZAR02,ZAR CAEN,FR21016,Caen Vaucelles,Urbaine,PM10,Trafic,Oui,mesures fixes,Moy. annuelle,24.0,24.48708800543669,µg-m3,34.0,100.0,34.0,N,-1,49.17508,-0.353563,Caen,14118.0
2022/01/01 00:00:00,2022/12/31 23:59:59,ATMO NORMANDIE,FR28ZAR02,ZAR CAEN,FR21019,IFS Caen sud,Urbaine,PM10,Fond,Oui,mesures fixes,Moy. annuelle,18.0,17.963684635807493,µg-m3,99.0,100.0,99.0,R,1,49.15167,-0.352778,Ifs,14341.0
2022/01/01 00:00:00,2022/12/31 23:59:59,ATMO NORMANDIE,FR28ZRE02,ZR NORMANDIE,FR21021,Lisieux,Urbaine,PM10,Fond,Oui,mesures fixes,Moy. annuelle,14.0,14.091096047794087,µg-m3,99.0,100.0,99.0,R,1,49.147224,0.227222,Lisieux,14366.0
2022/01/01 00:00:00,2022/12/31 23:59:59,ATMO NORMANDIE,FR28ZRE02,ZR NORMANDIE,FR21031,Alençon Météo-France,Périurbaine,PM10,Fond,Oui,mesures fixes,Moy. annuelle,13.0,13.11749045028361,µg-m3,99.0,100.0,99.0,R,1,48.445553,0.110833,Cerisé,61077.0
2022/01/01 00:00:00,2022/12/31 23:59:59,ATMO NORMANDIE,FR28ZRE02,ZR NORMANDIE,FR21037,Cherbourg port charb,Périurbaine,PM10,Industrielle,Oui,mesures fixes,Moy. annuelle,20.0,19.874876491143507,µg-m3,96.0,98.0,95.0,R,1,49.64695,-1.59342,Cherbourg-en-Cotentin,50129.0
2022/01/01 00:00:00,2022/12/31 23:59:59,ATMO NORMANDIE,FR28ZRE02,ZR NORMANDIE,FR21038,Cherbourg Hotel de Ville,Urbaine,PM10,Fond,Oui,mesures fixes,Moy. annuelle,16.0,15.6191907646588,µg-m3,100.0,100.0,100.0,R,1,49.64225,-1.624361,Cherbourg-en-Cotentin,50129.0
2022/01/01 00:00:00,2022/12/31 23:59:59,ATMO NORMANDIE,FR28ZRE02,ZR NORMANDIE,FR21040,Saint-Lô Eglise,Urbaine,PM10,Fond,Oui,mesures fixes,Moy. annuelle,15.0,15.377168949771695,µg-m3,98.0,100.0,98.0,R,1,49.11639,-1.084722,Saint-Lô,50502.0
2022/01/01 00:00:00,2022/12/31 23:59:59,ATMO NORMANDIE,FR28ZRE02,ZR NORMANDIE,FR21050,La Coulonche MERA,Rurale nationale,PM10,Fond,Oui,mesures fixes,Moy. annuelle,11.0,11.210594965675064,µg-m3,100.0,100.0,100.0,R,1,48.645,-0.458333,La Coulonche,61124.0
2022/01/01 00:00:00,2022/12/31 23:59:59,ATMO NORMANDIE,FR28ZRE02,ZR NORMANDIE,FR21060,Moult proximité,Urbaine,PM10,Trafic,Oui,mesures fixes,Moy. annuelle,16.0,16.38376687116562,µg/m3,98.0,95.0,93.0,R,1,49.117196,-0.169666,Moult-Chicheboville,14456.0
2022/01/01 00:00:00,2022/12/31 23:59:59,ATMO GRAND EST,FR44ZRE01,ZR GRAND-EST,FR22009,Ecole de Carling(9),Périurbaine,PM10,Industrielle,Oui,mesures indicatives,Moy. annuelle,14.0,14.263191464687456,µg-m3,,,,R,1,49.165726,6.716886,Carling,57123.0
2022/01/01 00:00:00,2022/12/31 23:59:59,ATMO GRAND EST,FR44ZRE01,ZR GRAND-EST,FR22019,SCHOENECK (19),Périurbaine,PM10,Fond,Oui,mesures fixes,Moy. annuelle,16.0,16.165801327643443,µg-m3,96.0,100.0,96.0,R,1,49.220364,6.925833,Schœneck,57638.0
2022/01/01 00:00:00,2022/12/31 23:59:59,ATMO GRAND EST,FR44ZRE01,ZR GRAND-EST,FR22054,Station de FORBACH,Urbaine,PM10,Fond,Oui,mesures fixes,Moy. annuelle,13.0,13.459587247805286,µg-m3,97.0,76.0,74.0,N,-1,49.18742,6.910867,Forbach,57227.0
2022/01/01 00:00:00,2022/12/31 23:59:59,AIR PAYS DE LA LOIRE,FR52ZAG01,ZAG NANTES-SAINT-NAZAIRE,FR23003,LA MEGRETAIS,Périurbaine,PM10,Industrielle,Oui,mesures fixes,Moy. annuelle,18.0,17.644974759063768,µg-m3,99.0,100.0,99.0,R,1,47.322706,-2.039244,Donges,44052.0
2022/01/01 00:00:00,2022/12/31 23:59:59,AIR PAYS DE LA LOIRE,FR52ZRE01,ZR PAYS-DE-LA-LOIRE,FR23068,FROSSAY,Rurale près des villes,PM10,Industrielle,Oui,mesures fixes,Moy. annuelle,16.0,15.731360155585229,µg-m3,97.0,97.0,94.0,R,1,47.24747,-1.936619,Frossay,44061.0
2022/01/01 00:00:00,2022/12/31 23:59:59,AIR PAYS DE LA LOIRE,FR52ZAG01,ZAG NANTES-SAINT-NAZAIRE,FR23070,S ETIENNE DE MONTLUC,Périurbaine,PM10,Industrielle,Oui,mesures fixes,Moy. annuelle,14.0,14.285082493125536,µg-m3,100.0,100.0,100.0,R,1,47.28318,-1.783164,Saint-Étienne-de-Montluc,44158.0
2022/01/01 00:00:00,2022/12/31 23:59:59,AIR PAYS DE LA LOIRE,FR52ZRE01,ZR PAYS-DE-LA-LOIRE,FR23078,SAINT EXUPERY,Urbaine,PM10,Fond,Oui,mesures fixes,Moy. annuelle,17.0,17.410862029119478,µg-m3,99.0,100.0,99.0,R,1,47.054443,-0.886111,Cholet,49099.0
2022/01/01 00:00:00,2022/12/31 23:59:59,AIR PAYS DE LA LOIRE,FR52ZAG01,ZAG NANTES-SAINT-NAZAIRE,FR23107,LA CHAUVINIERE,Urbaine,PM10,Fond,Oui,mesures fixes,Moy. annuelle,15.0,14.917862426035471,µg-m3,97.0,95.0,93.0,R,1,47.252777,-1.573333,Nantes,44109.0
2022/01/01 00:00:00,2022/12/31 23:59:59,AIR PAYS DE LA LOIRE,FR52ZAG01,ZAG NANTES-SAINT-NAZAIRE,FR23110,LEON BLUM,Urbaine,PM10,Fond,Oui,mesures fixes,Moy. annuelle,16.0,16.230790292470445,µg-m3,95.0,97.0,92.0,R,1,47.26412,-2.249858,Saint-Nazaire,44184.0
2022/01/01 00:00:00,2022/12/31 23:59:59,AIR PAYS DE LA LOIRE,FR52ZAR01,ZAR ANGERS-LOIRE,FR23120,BEAUX ARTS,Urbaine,PM10,Fond,Oui,mesures fixes,Moy. annuelle,16.0,15.534905551048764,µg-m3,99.0,100.0,99.0,R,1,47.468513,-0.556053,Angers,49007.0
2022/01/01 00:00:00,2022/12/31 23:59:59,AIR PAYS DE LA LOIRE,FR52ZAR03,ZAR LAVAL,FR23123,MAZAGRAN,Urbaine,PM10,Fond,Oui,mesures fixes,Moy. annuelle,15.0,14.986942896935956,µg-m3,99.0,100.0,98.0,R,1,48.06943,-0.767692,Laval,53130.0
2022/01/01 00:00:00,2022/12/31 23:59:59,AIR PAYS DE LA LOIRE,FR52ZRE01,ZR PAYS-DE-LA-LOIRE,FR23124,LA TARDIERE,Rurale nationale,PM10,Fond,Oui,mesures fixes,Moy. annuelle,13.0,12.772031231791171,µg-m3,98.0,99.0,98.0,R,1,46.656685,-0.743681,Terval,85289.0
2022/01/01 00:00:00,2022/12/31 23:59:59,AIR PAYS DE LA LOIRE,FR52ZRE01,ZR PAYS-DE-LA-LOIRE,FR23152,DELACROIX,Urbaine,PM10,Fond,Oui,mesures fixes,Moy. annuelle,17.0,16.678585530135862,µg-m3,99.0,99.0,98.0,R,1,46.6607,-1.436831,La Roche-sur-Yon,85191.0
2022/01/01 00:00:00,2022/12/31 23:59:59,AIR PAYS DE LA LOIRE,FR52ZRE01,ZR PAYS-DE-LA-LOIRE,FR23177,SAINT-DENIS D'ANJOU,Rurale régionale,PM10,Fond,Oui,mesures fixes,Moy. annuelle,16.0,15.641916512915104,µg-m3,99.0,100.0,99.0,R,1,47.78773,-0.444044,Saint-Denis-d'Anjou,53210.0
2022/01/01 00:00:00,2022/12/31 23:59:59,AIR PAYS DE LA LOIRE,FR52ZAG01,ZAG NANTES-SAINT-NAZAIRE,FR23178,PARSCAU DU PLESSIS,Périurbaine,PM10,Industrielle,Oui,mesures fixes,Moy. annuelle,15.0,15.348093537610907,µg-m3,99.0,100.0,99.0,R,1,47.319157,-2.066953,Donges,44052.0
2022/01/01 00:00:00,2022/12/31 23:59:59,AIR PAYS DE LA LOIRE,FR52ZAR02,ZAR LE-MANS,FR23182,SOURCES,Urbaine,PM10,Fond,Oui,mesures fixes,Moy. annuelle,16.0,15.592208095182526,µg-m3,98.0,100.0,98.0,R,1,47.971066,0.221422,Le Mans,72181.0
2022/01/01 00:00:00,2022/12/31 23:59:59,AIR PAYS DE LA LOIRE,FR52ZAG01,ZAG NANTES-SAINT-NAZAIRE,FR23188,CIM BOUTEILLERIE,Urbaine,PM10,Fond,Oui,mesures fixes,Moy. annuelle,16.0,15.622733532246938,µg-m3,99.0,100.0,99.0,R,1,47.2225,-1.5375,Nantes,44109.0
2022/01/01 00:00:00,2022/12/31 23:59:59,AIR PAYS DE LA LOIRE,FR52ZAG01,ZAG NANTES-SAINT-NAZAIRE,FR23238,LEVOYER,Urbaine,PM10,Industrielle,Oui,mesures fixes,Moy. annuelle,17.0,17.299375339489437,µg-m3,96.0,88.0,84.0,N,-1,47.1941472,-1.581677778,Rezé,44143.0
2022/01/01 00:00:00,2022/12/31 23:59:59,AIR PAYS DE LA LOIRE,FR52ZAG01,ZAG NANTES-SAINT-NAZAIRE,FR23239,LES COUETS,Urbaine,PM10,Industrielle,Oui,mesures fixes,Moy. annuelle,18.0,17.61971881329677,µg-m3,97.0,99.0,96.0,R,1,47.1859194,-1.59149722222222,Bouguenais,44020.0
2022/01/01 00:00:00,2022/12/31 23:59:59,AIR PAYS DE LA LOIRE,FR52ZAR01,ZAR ANGERS-LOIRE,FR23242,ROI RENE,Urbaine,PM10,Trafic,Oui,mesures fixes,Moy. annuelle,17.0,16.765347001296036,µg-m3,99.0,98.0,97.0,R,1,47.466992,-0.554686,Angers,49007.0
2022/01/01 00:00:00,2022/12/31 23:59:59,AIR PAYS DE LA LOIRE,FR52ZAG01,ZAG NANTES-SAINT-NAZAIRE,FR23249,CAME,Périurbaine,PM10,Industrielle,Oui,mesures fixes,Moy. annuelle,17.0,16.604047976011973,µg-m3,100.0,99.0,99.0,R,1,47.3210778,-2.127322,Montoir-de-Bretagne,44103.0
2022/01/01 00:00:00,2022/12/31 23:59:59,AIR PAYS DE LA LOIRE,FR52ZAG01,ZAG NANTES-SAINT-NAZAIRE,FR23251,FRERES GONCOURT,Urbaine,PM10,Trafic,Oui,mesures fixes,Moy. annuelle,19.0,18.632706814985287,µg-m3,97.0,92.0,89.0,R,1,47.204122,-1.564811,Nantes,44109.0
2022/01/01 00:00:00,2022/12/31 23:59:59,ATMO SUD,FR93ZAG02,ZAG NICE,FR24009,CANNES BROUSSAILLES,Urbaine,PM10,Fond,Oui,mesures fixes,Moy. annuelle,16.0,16.285333333333387,µg-m3,98.0,100.0,98.0,R,1,43.558389,7.005919,Cannes,6029.0
2022/01/01 00:00:00,2022/12/31 23:59:59,ATMO SUD,FR93ZRE02,ZR PROVENCE-ALPES-COTE-D-AZUR,FR24018,MANOSQUE,Urbaine,PM10,Fond,Oui,mesures fixes,Moy. annuelle,16.0,15.978773584905694,µg-m3,99.0,100.0,99.0,R,1,43.835784,5.786131,Manosque,4112.0
2022/01/01 00:00:00,2022/12/31 23:59:59,ATMO SUD,FR93ZAG02,ZAG NICE,FR24021,PEILLON,Périurbaine,PM10,Industrielle,Oui,mesures fixes,Moy. annuelle,24.0,23.549641000247508,µg-m3,98.0,94.0,92.0,R,1,43.786583,7.373283,Peillon,6092.0
2022/01/01 00:00:00,2022/12/31 23:59:59,ATMO SUD,FR93ZAG02,ZAG NICE,FR24023,CONTES 2,Périurbaine,PM10,Industrielle,Oui,mesures fixes,Moy. annuelle,23.0,22.724186564394355,µg-m3,92.0,100.0,92.0,R,1,43.788748,7.332382,Contes,6048.0
2022/01/01 00:00:00,2022/12/31 23:59:59,ATMO SUD,FR93ZRE02,ZR PROVENCE-ALPES-COTE-D-AZUR,FR24033,GAP COMMANDERIE,Urbaine,PM10,Fond,Oui,mesures fixes,Moy. annuelle,20.0,19.966119508738768,µg-m3,97.0,99.0,97.0,R,1,44.555193,6.073015,Gap,5061.0
2022/01/01 00:00:00,2022/12/31 23:59:59,ATMO SUD,FR93ZAG02,ZAG NICE,FR24035,NICE PROMENADE,Urbaine,PM10,Trafic,Oui,mesures fixes,Moy. annuelle,29.0,28.71694658269185,µg-m3,98.0,100.0,98.0,R,1,43.689291,7.242074,Nice,6088.0
2022/01/01 00:00:00,2022/12/31 23:59:59,ATMO SUD,FR93ZAG02,ZAG NICE,FR24036,NICE ARSON,Urbaine,PM10,Fond,Oui,mesures fixes,Moy. annuelle,19.0,19.24051435820557,µg-m3,99.0,100.0,99.0,R,1,43.702075,7.286256,Nice,6088.0
2022/01/01 00:00:00,2022/12/31 23:59:59,ATMO SUD,FR93ZRE02,ZR PROVENCE-ALPES-COTE-D-AZUR,FR24038,GAP JEAN JAURES,Urbaine,PM10,Trafic,Oui,mesures fixes,Moy. annuelle,18.0,17.959376454164698,µg-m3,98.0,100.0,98.0,R,1,44.548647,6.067237,Gap,5061.0
2022/01/01 00:00:00,2022/12/31 23:59:59,ATMO SUD,FR93ZRE02,ZR PROVENCE-ALPES-COTE-D-AZUR,FR24039,Obs Haute-Provence,Rurale près des villes,PM10,Fond,Oui,mesures fixes,Moy. annuelle,12.0,11.772967007434907,µg-m3,99.0,99.0,98.0,R,1,43.933476,5.711809,,
2022/01/01 00:00:00,2022/12/31 23:59:59,ATMO NORMANDIE,FR28ZAG01,ZAG ROUEN,FR25035,Gd Couronne Mairie,Urbaine,PM10,Industrielle,Oui,mesures fixes,Moy. annuelle,16.0,15.61765356265361,µg-m3,93.0,100.0,93.0,R,1,49.358215,1.007853,Grand-Couronne,76319.0
2022/01/01 00:00:00,2022/12/31 23:59:59,ATMO NORMANDIE,FR28ZAG01,ZAG ROUEN,FR25036,Espace du Palais,Urbaine,PM10,Fond,Oui,mesures fixes,Moy. annuelle,17.0,16.750196031840282,µg-m3,97.0,99.0,96.0,R,1,49.442358,1.093789,Rouen,76540.0
2022/01/01 00:00:00,2022/12/31 23:59:59,ATMO NORMANDIE,FR28ZRE02,ZR NORMANDIE,FR25039,Evreux Centre,Urbaine,PM10,Fond,Oui,mesures fixes,Moy. annuelle,14.0,13.6992285549798,µg-m3,99.0,100.0,99.0,R,1,49.02134,1.148319,Évreux,27229.0
2022/01/01 00:00:00,2022/12/31 23:59:59,ATMO NORMANDIE,FR28ZAG01,ZAG ROUEN,FR25043,Centre Hospitalier,Urbaine,PM10,Fond,Oui,mesures fixes,Moy. annuelle,17.0,17.138097497331312,µg-m3,96.0,100.0,96.0,R,1,49.4005,1.099042,Sotteville-lès-Rouen,76681.0
2022/01/01 00:00:00,2022/12/31 23:59:59,ATMO NORMANDIE,FR28ZRE02,ZR NORMANDIE,FR25049,Base loisirs Poses,Rurale près des villes,PM10,Fond,Oui,mesures fixes,Moy. annuelle,14.0,13.814078014184409,µg-m3,97.0,100.0,97.0,R,1,49.30487,1.214367,Val-de-Reuil,27701.0
2022/01/01 00:00:00,2022/12/31 23:59:59,ATMO NORMANDIE,FR28ZRE02,ZR NORMANDIE,FR25051,Dieppe prox-auto,Urbaine,PM10,Trafic,Oui,mesures fixes,Moy. annuelle,20.0,20.33620732931723,µg-m3,91.0,100.0,91.0,R,1,49.918007,1.073972,Dieppe,76217.0
2022/01/01 00:00:00,2022/12/31 23:59:59,ATMO NORMANDIE,FR28ZAG01,ZAG ROUEN,FR25053,Rouen Proxi Quai de Paris,Urbaine,PM10,Trafic,Oui,mesures fixes,Moy. annuelle,22.0,22.36685516445467,µg-m3,99.0,100.0,99.0,R,1,49.436699,1.098838,Rouen,76540.0
2022/01/01 00:00:00,2022/12/31 23:59:59,ATMO NORMANDIE,FR28ZAG01,ZAG ROUEN,FR25054,Petit-Quevilly Sud 3,Urbaine,PM10,Trafic,Oui,mesures fixes,Moy. annuelle,22.0,22.422108433734884,µg-m3,95.0,100.0,95.0,R,1,49.4341639,1.067052778,Le Petit-Quevilly,76498.0
2022/01/01 00:00:00,2022/12/31 23:59:59,ATMO NORMANDIE,FR28ZRE02,ZR NORMANDIE,FR25055,Dieppe Golf,Périurbaine,PM10,Fond,Oui,mesures fixes,Moy. annuelle,15.0,14.544381305810017,µg-m3,99.0,99.0,98.0,R,1,49.920492,1.047892,Dieppe,76217.0
2022/01/01 00:00:00,2022/12/31 23:59:59,ATMO BOURGOGNE-FRANCHE-COMTE,FR27ZAR02,ZAR DIJON,FR26005,Dijon Péjoces,Périurbaine,PM10,Fond,Oui,mesures fixes,Moy. annuelle,16.0,16.47144218173155,µg-m3,96.0,99.0,96.0,R,1,47.307368,5.065881,Dijon,21231.0
2022/01/01 00:00:00,2022/12/31 23:59:59,ATMO BOURGOGNE-FRANCHE-COMTE,FR27ZRE01,ZR BOURGOGNE-FRANCHE-COMTE,FR26012,Morvan,Rurale nationale,PM10,Fond,Oui,mesures fixes,Moy. annuelle,11.0,10.762184477471116,µg-m3,98.0,99.0,97.0,R,1,47.274762,4.099476,Saint-Brisson,58235.0
2022/01/01 00:00:00,2022/12/31 23:59:59,ATMO BOURGOGNE-FRANCHE-COMTE,FR27ZAR02,ZAR DIJON,FR26014,Dijon Trémouille,Urbaine,PM10,Fond,Oui,mesures fixes,Moy. annuelle,14.0,13.741173686701377,µg-m3,98.0,98.0,96.0,R,1,47.325744,5.041056,Dijon,21231.0
2022/01/01 00:00:00,2022/12/31 23:59:59,ATMO BOURGOGNE-FRANCHE-COMTE,FR27ZRE01,ZR BOURGOGNE-FRANCHE-COMTE,FR26016,Sens,Urbaine,PM10,Fond,Oui,mesures fixes,Moy. annuelle,16.0,16.3298915605846,µg-m3,98.0,50.0,48.0,N,-1,48.200436,3.2773,Sens,89387.0
2022/01/01 00:00:00,2022/12/31 23:59:59,ATMO BOURGOGNE-FRANCHE-COMTE,FR27ZRE01,ZR BOURGOGNE-FRANCHE-COMTE,FR26017,Nevers,Urbaine,PM10,Fond,Oui,mesures fixes,Moy. annuelle,13.0,12.847939337809724,µg-m3,99.0,100.0,99.0,R,1,46.996828,3.171092,Nevers,58194.0
2022/01/01 00:00:00,2022/12/31 23:59:59,ATMO BOURGOGNE-FRANCHE-COMTE,FR27ZRE01,ZR BOURGOGNE-FRANCHE-COMTE,FR26019,Auxerre,Urbaine,PM10,Fond,Oui,mesures fixes,Moy. annuelle,16.0,15.678350148367985,µg-m3,98.0,98.0,96.0,R,1,47.800575,3.576189,Auxerre,89024.0
2022/01/01 00:00:00,2022/12/31 23:59:59,ATMO AUVERGNE-RHÔNE-ALPES,FR84ZAR02,ZAR VALLEE-DU-RHONE,FR27002,ROUSSILLON,Urbaine,PM10,Fond,Oui,mesures indicatives,Moy. annuelle,18.0,18.11145066273932,µg-m3,,,,R,1,45.36782,4.805147,Roussillon,38344.0
2022/01/01 00:00:00,2022/12/31 23:59:59,ATMO AUVERGNE-RHÔNE-ALPES,FR84ZAG01,ZAG LYON,FR27007,Bourgoin-Jallieu,Urbaine,PM10,Fond,Oui,mesures indicatives,Moy. annuelle,16.0,15.709207630227455,µg-m3,,,,R,1,45.60822,5.270872,Bourgoin-Jallieu,38053.0
2022/01/01 00:00:00,2022/12/31 23:59:59,ATMO AUVERGNE-RHÔNE-ALPES,FR84ZAR02,ZAR VALLEE-DU-RHONE,FR27011,A7 Salaise Ouest,Périurbaine,PM10,Trafic,Oui,mesures indicatives,Moy. annuelle,17.0,17.405961863384018,µg-m3,,,,R,1,45.344078,4.807481,Salaise-sur-Sanne,38468.0
2022/01/01 00:00:00,2022/12/31 23:59:59,ATMO HAUTS DE FRANCE,FR32ZAG01,ZAG BLDV,FR28010,Harnes Serres,Périurbaine,PM10,Fond,Oui,mesures fixes,Moy. annuelle,17.0,17.43220884658463,µg-m3,82.0,100.0,82.0,N,-1,50.44914,2.9,Harnes,62413.0
2022/01/01 00:00:00,2022/12/31 23:59:59,ATMO HAUTS DE FRANCE,FR32ZAR04,ZAR ARRAS,FR28022,St-Laurent-Blangy,Périurbaine,PM10,Fond,Oui,mesures fixes,Moy. annuelle,17.0,16.826947463768125,µg-m3,50.0,100.0,50.0,N,-1,50.30886,2.807369,Saint-Laurent-Blangy,62753.0
2022/01/01 00:00:00,2022/12/31 23:59:59,ATMO HAUTS DE FRANCE,FR32ZAG01,ZAG BLDV,FR28028,Bethune Stade,Urbaine,PM10,Fond,Oui,mesures fixes,Moy. annuelle,18.0,18.44021558872303,µg-m3,83.0,99.0,83.0,N,-1,50.535385,2.635692,Béthune,62119.0
2022/01/01 00:00:00,2022/12/31 23:59:59,ATMO HAUTS DE FRANCE,FR32ZAG01,ZAG BLDV,FR28033,Noeux-les-Mines,Périurbaine,PM10,Fond,Oui,mesures fixes,Moy. annuelle,18.0,18.03948512989301,µg-m3,97.0,100.0,97.0,R,1,50.48972,2.66642,Nœux-les-Mines,62617.0
2022/01/01 00:00:00,2022/12/31 23:59:59,ATMO HAUTS DE FRANCE,FR32ZAG01,ZAG BLDV,FR28115,Lens Varsovie,Urbaine,PM10,Trafic,Oui,mesures fixes,Moy. annuelle,19.0,19.28838836381491,µg-m3,97.0,96.0,93.0,R,1,50.428604,2.836111,Lens,62498.0
2022/01/01 00:00:00,2022/12/31 23:59:59,ATMO AUVERGNE-RHÔNE-ALPES,FR84ZRE02,ZR AUVERGNE-RHONE-ALPES,FR29423,ROANNE,Urbaine,PM10,Fond,Oui,mesures indicatives,Moy. annuelle,14.0,14.230552318806806,µg-m3,,,,R,1,46.04111,4.074656,Roanne,42187.0
2022/01/01 00:00:00,2022/12/31 23:59:59,ATMO AUVERGNE-RHÔNE-ALPES,FR84ZAG03,ZAG SAINT-ETIENNE,FR29424,SAINT ETIENNE SUD,Urbaine,PM10,Fond,Oui,mesures fixes,Moy. annuelle,15.0,15.384275274056051,µg-m3,96.0,98.0,94.0,R,1,45.42009,4.395422,Saint-Étienne,42218.0
2022/01/01 00:00:00,2022/12/31 23:59:59,ATMO AUVERGNE-RHÔNE-ALPES,FR84ZAG03,ZAG SAINT-ETIENNE,FR29426,SAINT-CHAMOND,Urbaine,PM10,Fond,Oui,mesures indicatives,Moy. annuelle,15.0,15.143278191985088,µg-m3,,,,R,1,45.475327,4.515003,Saint-Chamond,42207.0
2022/01/01 00:00:00,2022/12/31 23:59:59,ATMO AUVERGNE-RHÔNE-ALPES,FR84ZAG03,ZAG SAINT-ETIENNE,FR29429,RIVE DE GIER,Périurbaine,PM10,Trafic,Oui,mesures fixes,Moy. annuelle,18.0,18.194308179791168,µg-m3,97.0,100.0,97.0,R,1,45.533424,4.623939,Rive-de-Gier,42186.0
2022/01/01 00:00:00,2022/12/31 23:59:59,ATMO AUVERGNE-RHÔNE-ALPES,FR84ZAG03,ZAG SAINT-ETIENNE,FR29439,LA TALAUDIERE,Périurbaine,PM10,Fond,Oui,mesures indicatives,Moy. annuelle,15.0,14.989701803051307,µg-m3,,,,R,1,45.481777,4.429667,La Talaudière,42305.0
2022/01/01 00:00:00,2022/12/31 23:59:59,ATMO AUVERGNE-RHÔNE-ALPES,FR84ZAG03,ZAG SAINT-ETIENNE,FR29441,ST ETIENNE BD URBAIN ,Urbaine,PM10,Trafic,Oui,mesures indicatives,Moy. annuelle,21.0,21.15302308974054,µg-m3,,,,R,1,45.4479806,4.388763889,Saint-Étienne,42218.0
2022/01/01 00:00:00,2022/12/31 23:59:59,ATMO GRAND EST,FR44ZRE01,ZR GRAND-EST,FR30019,Epinal,Urbaine,PM10,Fond,Oui,mesures fixes,Moy. annuelle,15.0,15.154145319049842,µg-m3,98.0,100.0,98.0,R,1,48.1726528,6.45281666,Épinal,88160.0
2022/01/01 00:00:00,2022/12/31 23:59:59,ATMO GRAND EST,FR44ZAG03,ZAG NANCY,FR30021,Fléville,Périurbaine,PM10,Fond,Oui,mesures fixes,Moy. annuelle,16.0,15.552369915401565,µg-m3,99.0,100.0,99.0,R,1,48.621502,6.194922,Fléville-devant-Nancy,54197.0
2022/01/01 00:00:00,2022/12/31 23:59:59,ATMO GRAND EST,FR44ZRE01,ZR GRAND-EST,FR30027,Frolois,Urbaine,PM10,Industrielle,Oui,mesures indicatives,Moy. annuelle,18.0,17.98698313698313,µg-m3,,,,R,1,48.565445,6.129578,Frolois,54214.0
2022/01/01 00:00:00,2022/12/31 23:59:59,ATMO GRAND EST,FR44ZAG03,ZAG NANCY,FR30030,Neuves-Maisons,Urbaine,PM10,Industrielle,Oui,mesures fixes,Moy. annuelle,25.0,24.872219488189067,µg-m3,93.0,100.0,93.0,R,1,48.614914,6.107672,Neuves-Maisons,54397.0
2022/01/01 00:00:00,2022/12/31 23:59:59,ATMO GRAND EST,FR44ZRE01,ZR GRAND-EST,FR30032,Heming,Rurale près des villes,PM10,Industrielle,Oui,mesures fixes,Moy. annuelle,22.0,21.637265481299742,µg-m3,93.0,100.0,93.0,R,1,48.694725,6.965275,Héming,57314.0
2022/01/01 00:00:00,2022/12/31 23:59:59,ATMO GRAND EST,FR44ZRE01,ZR GRAND-EST,FR30033,Jonville en Woevre,Rurale régionale,PM10,Fond,Oui,mesures fixes,Moy. annuelle,16.0,16.247411285631195,µg-m3,98.0,100.0,98.0,R,1,49.06583,5.785556,Jonville-en-Woëvre,55256.0
2022/01/01 00:00:00,2022/12/31 23:59:59,ATMO GRAND EST,FR44ZAG03,ZAG NANCY,FR30034,Nancy-Charles III,Urbaine,PM10,Fond,Oui,mesures fixes,Moy. annuelle,17.0,16.93297275641026,µg-m3,85.0,100.0,85.0,R,1,48.68817,6.190431,Nancy,54395.0
2022/01/01 00:00:00,2022/12/31 23:59:59,ATMO NOUVELLE-AQUITAINE,FR75ZAG01,ZAG BORDEAUX,FR31001,GRAND PARC,Urbaine,PM10,Fond,Oui,mesures fixes,Moy. annuelle,19.0,19.18718219097834,µg-m3,97.0,100.0,97.0,R,1,44.86121,-0.58037,Bordeaux,33063.0
2022/01/01 00:00:00,2022/12/31 23:59:59,ATMO NOUVELLE-AQUITAINE,FR75ZAG01,ZAG BORDEAUX,FR31002,TALENCE,Urbaine,PM10,Fond,Oui,mesures fixes,Moy. annuelle,24.0,23.913999999999987,µg-m3,98.0,15.0,15.0,N,-1,44.800462,-0.589398,Talence,33522.0
2022/01/01 00:00:00,2022/12/31 23:59:59,ATMO NOUVELLE-AQUITAINE,FR75ZAG01,ZAG BORDEAUX,FR31003,BORDEAUX-BASTIDE,Urbaine,PM10,Trafic,Oui,mesures fixes,Moy. annuelle,21.0,21.045903349171407,µg-m3,99.0,100.0,99.0,R,1,44.849647,-0.544995,Bordeaux,33063.0
2022/01/01 00:00:00,2022/12/31 23:59:59,ATMO NOUVELLE-AQUITAINE,FR75ZAG01,ZAG BORDEAUX,FR31006,MERIGNAC,Urbaine,PM10,Trafic,Oui,mesures fixes,Moy. annuelle,18.0,18.258516547095542,µg-m3,99.0,100.0,99.0,R,1,44.841373,-0.651068,Mérignac,33281.0
2022/01/01 00:00:00,2022/12/31 23:59:59,ATMO NOUVELLE-AQUITAINE,FR75ZAG01,ZAG BORDEAUX,FR31007,BASSENS,Urbaine,PM10,Fond,Oui,mesures fixes,Moy. annuelle,17.0,17.03426832179516,µg-m3,96.0,99.0,96.0,R,1,44.900296,-0.515835,Bassens,33032.0
2022/01/01 00:00:00,2022/12/31 23:59:59,ATMO NOUVELLE-AQUITAINE,FR75ZRE02,ZR NOUVELLE-AQUITAINE,FR31013,BILLERE,Urbaine,PM10,Fond,Oui,mesures fixes,Moy. annuelle,16.0,15.751783870597713,µg-m3,100.0,100.0,100.0,R,1,43.310797,-0.391543,Billère,64129.0
2022/01/01 00:00:00,2022/12/31 23:59:59,ATMO NOUVELLE-AQUITAINE,FR75ZAG02,ZAG BAYONNE,FR31016,SAINT-CROUTS,Urbaine,PM10,Fond,Oui,mesures fixes,Moy. annuelle,14.0,13.874070138150827,µg-m3,97.0,100.0,97.0,R,1,43.47982,-1.489157,Bayonne,64102.0
2022/01/01 00:00:00,2022/12/31 23:59:59,ATMO NOUVELLE-AQUITAINE,FR75ZAG02,ZAG BAYONNE,FR31017,ANGLET,Urbaine,PM10,Trafic,Oui,mesures fixes,Moy. annuelle,21.0,21.041137779829256,µg-m3,99.0,100.0,99.0,R,1,43.494041,-1.528753,Anglet,64024.0
2022/01/01 00:00:00,2022/12/31 23:59:59,ATMO NOUVELLE-AQUITAINE,FR75ZRE02,ZR NOUVELLE-AQUITAINE,FR31021,LABASTIDE CEZERACQ,Rurale près des villes,PM10,Fond,Oui,mesures fixes,Moy. annuelle,16.0,15.610872592248764,µg-m3,98.0,100.0,98.0,R,1,43.376279,-0.538206,Labastide-Cézéracq,64288.0
2022/01/01 00:00:00,2022/12/31 23:59:59,ATMO NOUVELLE-AQUITAINE,FR75ZRE02,ZR NOUVELLE-AQUITAINE,FR31026,TARTAS Pelletrin,Périurbaine,PM10,Industrielle,Oui,mesures fixes,Moy. annuelle,17.0,17.0258280438546,µg-m3,99.0,100.0,99.0,R,1,43.838876,-0.81203,Tartas,40313.0
2022/01/01 00:00:00,2022/12/31 23:59:59,ATMO NOUVELLE-AQUITAINE,FR75ZRE02,ZR NOUVELLE-AQUITAINE,FR31033,PERIGUEUX,Urbaine,PM10,Fond,Oui,mesures fixes,Moy. annuelle,16.0,15.751691815272077,µg-m3,100.0,100.0,100.0,R,1,45.189825,0.727184,Trélissac,24557.0
2022/01/01 00:00:00,2022/12/31 23:59:59,ATMO NOUVELLE-AQUITAINE,FR75ZRE02,ZR NOUVELLE-AQUITAINE,FR31036,DAX,Urbaine,PM10,Fond,Oui,mesures fixes,Moy. annuelle,17.0,17.103927655554063,µg-m3,85.0,99.0,85.0,R,1,43.704643,-1.038557,Dax,40088.0
2022/01/01 00:00:00,2022/12/31 23:59:59,ATMO NOUVELLE-AQUITAINE,FR75ZRE02,ZR NOUVELLE-AQUITAINE,FR31039,PAU TOURASSE,Urbaine,PM10,Trafic,Oui,mesures fixes,Moy. annuelle,17.0,17.170365233472083,µg-m3,99.0,100.0,99.0,R,1,43.311091,-0.352116,Pau,64445.0
2022/01/01 00:00:00,2022/12/31 23:59:59,ATMO NOUVELLE-AQUITAINE,FR75ZRE02,ZR NOUVELLE-AQUITAINE,FR31040,MARMANDE,Périurbaine,PM10,Trafic,Oui,mesures fixes,Moy. annuelle,18.0,17.829228262134826,µg-m3,98.0,100.0,98.0,R,1,44.508782,0.142695,Marmande,47157.0
2022/01/01 00:00:00,2022/12/31 23:59:59,ATMO NOUVELLE-AQUITAINE,FR75ZRE02,ZR NOUVELLE-AQUITAINE,FR31041,MONT DE MARSAN,Urbaine,PM10,Trafic,Oui,mesures fixes,Moy. annuelle,17.0,16.908697724293994,µg-m3,96.0,100.0,96.0,R,1,43.8961,-0.491403,Mont-de-Marsan,40192.0
2022/01/01 00:00:00,2022/12/31 23:59:59,ATMO NOUVELLE-AQUITAINE,FR75ZAG02,ZAG BAYONNE,FR31043,Biarritz-hippodrome,Périurbaine,PM10,Fond,Oui,mesures fixes,Moy. annuelle,20.0,19.540945883441285,µg-m3,99.0,100.0,99.0,R,1,43.470237,-1.553876,Biarritz,64122.0
2022/01/01 00:00:00,2022/12/31 23:59:59,ATMO NOUVELLE-AQUITAINE,FR75ZAG01,ZAG BORDEAUX,FR31045,Bordeaux_GAUTIER,Urbaine,PM10,Trafic,Oui,mesures fixes,Moy. annuelle,24.0,24.3649161364951,µg-m3,99.0,100.0,99.0,R,1,44.833825,-0.598525,Bordeaux,33063.0
2022/01/01 00:00:00,2022/12/31 23:59:59,ATMO BOURGOGNE-FRANCHE-COMTE,FR27ZAR04,ZAR CHALON,FR32001,Chalon Centre Ville,Urbaine,PM10,Trafic,Oui,mesures fixes,Moy. annuelle,18.0,17.83941018766761,µg-m3,98.0,100.0,98.0,R,1,46.782311,4.847322,Chalon-sur-Saône,71076.0
2022/01/01 00:00:00,2022/12/31 23:59:59,ATMO BOURGOGNE-FRANCHE-COMTE,FR27ZAR04,ZAR CHALON,FR32002,Champforgueil,Périurbaine,PM10,Fond,Oui,mesures fixes,Moy. annuelle,14.0,14.026317672311018,µg-m3,96.0,100.0,96.0,R,1,46.821056,4.835083,Champforgeuil,71081.0
2022/01/01 00:00:00,2022/12/31 23:59:59,ATMO BOURGOGNE-FRANCHE-COMTE,FR27ZRE01,ZR BOURGOGNE-FRANCHE-COMTE,FR32005,Montceau-les-Mines 9me écluse,Urbaine,PM10,Fond,Oui,mesures fixes,Moy. annuelle,12.0,11.776577314760695,µg-m3,98.0,100.0,98.0,R,1,46.678785,4.366893,Montceau-les-Mines,71306.0
2022/01/01 00:00:00,2022/12/31 23:59:59,ATMO BOURGOGNE-FRANCHE-COMTE,FR27ZRE01,ZR BOURGOGNE-FRANCHE-COMTE,FR32006,Macon Paul Bert,Périurbaine,PM10,Fond,Oui,mesures fixes,Moy. annuelle,14.0,14.363590116279052,µg-m3,97.0,97.0,94.0,R,1,46.316172,4.839994,Mâcon,71270.0
2022/01/01 00:00:00,2022/12/31 23:59:59,ATMO AUVERGNE-RHÔNE-ALPES,FR84ZAR01,ZAR PAYS-DE-SAVOIE,FR33101,PASTEUR,Urbaine,PM10,Fond,Oui,mesures indicatives,Moy. annuelle,17.0,16.718360304616848,µg-m3,,,,R,1,45.56472,5.928333,Chambéry,73065.0
2022/01/01 00:00:00,2022/12/31 23:59:59,ATMO AUVERGNE-RHÔNE-ALPES,FR84ZAR01,ZAR PAYS-DE-SAVOIE,FR33102,CHAMBERY LE HAUT,Urbaine,PM10,Fond,Oui,mesures indicatives,Moy. annuelle,15.0,14.950202891199597,µg-m3,,,,R,1,45.59667,5.918611,Chambéry,73065.0
2022/01/01 00:00:00,2022/12/31 23:59:59,ATMO AUVERGNE-RHÔNE-ALPES,FR84ZAR01,ZAR PAYS-DE-SAVOIE,FR33105,Chambéry Trafic,Urbaine,PM10,Trafic,Oui,mesures indicatives,Moy. annuelle,21.0,21.01542600896865,µg-m3,,,,N,-1,45.56943,5.932986,Chambéry,73065.0
2022/01/01 00:00:00,2022/12/31 23:59:59,ATMO AUVERGNE-RHÔNE-ALPES,FR84ZRE02,ZR AUVERGNE-RHONE-ALPES,FR33111,SAINT JEAN,Urbaine,PM10,Fond,Oui,mesures indicatives,Moy. annuelle,13.0,13.212698789461186,µg-m3,,,,R,1,45.274723,6.349722,Saint-Jean-de-Maurienne,73248.0
2022/01/01 00:00:00,2022/12/31 23:59:59,ATMO AUVERGNE-RHÔNE-ALPES,FR84ZRE02,ZR AUVERGNE-RHONE-ALPES,FR33113,Maurienne Trafic,Périurbaine,PM10,Trafic,Oui,mesures indicatives,Moy. annuelle,11.0,11.289235025258613,µg-m3,,,,R,1,45.209364,6.480326,Saint-Michel-de-Maurienne,73261.0
2022/01/01 00:00:00,2022/12/31 23:59:59,ATMO AUVERGNE-RHÔNE-ALPES,FR84ZAR03,ZAR VALLEE-DE-L-ARVE,FR33120,CHAMONIX,Urbaine,PM10,Fond,Oui,mesures indicatives,Moy. annuelle,18.0,17.529033016096815,µg-m3,,,,R,1,45.9225,6.87,Chamonix-Mont-Blanc,74056.0
2022/01/01 00:00:00,2022/12/31 23:59:59,ATMO AUVERGNE-RHÔNE-ALPES,FR84ZAR04,ZAR VALLEE-DE-LA-TARANTAISE,FR33121,Albertville,Urbaine,PM10,Fond,Oui,mesures fixes,Moy. annuelle,17.0,16.737634535777662,µg-m3,100.0,97.0,97.0,R,1,45.675,6.389722,Albertville,73011.0
2022/01/01 00:00:00,2022/12/31 23:59:59,ATMO AUVERGNE-RHÔNE-ALPES,FR84ZAR04,ZAR VALLEE-DE-LA-TARANTAISE,FR33122,La Léchère,Rurale près des villes,PM10,Industrielle,Oui,mesures fixes,Moy. annuelle,19.0,18.630248719824444,µg-m3,94.0,100.0,94.0,R,1,45.53583,6.471111,La Léchère,73187.0
2022/01/01 00:00:00,2022/12/31 23:59:59,ATMO AUVERGNE-RHÔNE-ALPES,FR84ZAR01,ZAR PAYS-DE-SAVOIE,FR33201,LOVERCHY,Urbaine,PM10,Fond,Oui,mesures indicatives,Moy. annuelle,20.0,19.648607724881312,µg-m3,,,,R,1,45.89528,6.118333,Annecy,74010.0
2022/01/01 00:00:00,2022/12/31 23:59:59,ATMO AUVERGNE-RHÔNE-ALPES,FR84ZAR01,ZAR PAYS-DE-SAVOIE,FR33202,NOVEL,Urbaine,PM10,Fond,Oui,mesures indicatives,Moy. annuelle,17.0,16.968558301254205,µg-m3,,,,R,1,45.916943,6.135556,Annecy,74010.0
2022/01/01 00:00:00,2022/12/31 23:59:59,ATMO AUVERGNE-RHÔNE-ALPES,FR84ZAR01,ZAR PAYS-DE-SAVOIE,FR33203,ANNECY Rocade,Urbaine,PM10,Trafic,Oui,mesures fixes,Moy. annuelle,21.0,20.545042230706866,µg-m3,99.0,100.0,99.0,R,1,45.9097,6.11825,Annecy,74010.0
2022/01/01 00:00:00,2022/12/31 23:59:59,ATMO AUVERGNE-RHÔNE-ALPES,FR84ZAR01,ZAR PAYS-DE-SAVOIE,FR33211,ANNEMASSE,Urbaine,PM10,Fond,Oui,mesures indicatives,Moy. annuelle,17.0,16.506914771422,µg-m3,,,,R,1,46.19583,6.240556,Annemasse,74012.0
2022/01/01 00:00:00,2022/12/31 23:59:59,ATMO AUVERGNE-RHÔNE-ALPES,FR84ZAR01,ZAR PAYS-DE-SAVOIE,FR33212,GAILLARD,Urbaine,PM10,Fond,Oui,mesures indicatives,Moy. annuelle,15.0,15.475717852684165,µg-m3,,,,R,1,46.193641,6.214534,Gaillard,74133.0
2022/01/01 00:00:00,2022/12/31 23:59:59,ATMO AUVERGNE-RHÔNE-ALPES,FR84ZAR03,ZAR VALLEE-DE-L-ARVE,FR33220,PASSY,Périurbaine,PM10,Fond,Oui,mesures indicatives,Moy. annuelle,21.0,21.09253943778912,µg-m3,,,,R,1,45.92361,6.713611,Passy,74208.0
2022/01/01 00:00:00,2022/12/31 23:59:59,ATMO AUVERGNE-RHÔNE-ALPES,FR84ZAR03,ZAR VALLEE-DE-L-ARVE,FR33232,BOSSONS,Urbaine,PM10,Trafic,Oui,mesures fixes,Moy. annuelle,17.0,17.075487144010133,µg-m3,99.0,100.0,99.0,R,1,45.907223,6.845833,Chamonix-Mont-Blanc,74056.0
2022/01/01 00:00:00,2022/12/31 23:59:59,ATMO AUVERGNE-RHÔNE-ALPES,FR84ZRE02,ZR AUVERGNE-RHONE-ALPES,FR33302,St Germain/Rhône,Rurale près des villes,PM10,Fond,Oui,mesures indicatives,Moy. annuelle,13.0,12.841874163319954,µg-m3,,,,R,1,46.072224,5.820833,Saint-Germain-sur-Rhône,74235.0
2022/01/01 00:00:00,2022/12/31 23:59:59,ATMO AUVERGNE-RHÔNE-ALPES,FR84ZRE02,ZR AUVERGNE-RHONE-ALPES,FR33305,Bourg-en-Bresse,Urbaine,PM10,Fond,Oui,mesures fixes,Moy. annuelle,14.0,13.532042755344404,µg-m3,97.0,99.0,96.0,R,1,46.211666,5.226389,Bourg-en-Bresse,1053.0
2022/01/01 00:00:00,2022/12/31 23:59:59,LIG'AIR,FR24ZAG02,ZAG ORLEANS,FR34013,Gambetta,Urbaine,PM10,Trafic,Oui,mesures fixes,Moy. annuelle,18.0,17.670433079935513,µg-m3,99.0,100.0,99.0,R,1,47.907083,1.901139,Orléans,45234.0
2022/01/01 00:00:00,2022/12/31 23:59:59,LIG'AIR,FR24ZAG02,ZAG ORLEANS,FR34014,St Jean,Urbaine,PM10,Fond,Oui,mesures fixes,Moy. annuelle,17.0,16.529819872167344,µg-m3,98.0,100.0,98.0,R,1,47.917398,1.966258,Saint-Jean-de-Braye,45284.0
2022/01/01 00:00:00,2022/12/31 23:59:59,LIG'AIR,FR24ZAG01,ZAG TOURS,FR34024,Joué lès Tours,Urbaine,PM10,Fond,Oui,mesures fixes,Moy. annuelle,14.0,14.026745014245002,µg-m3,99.0,97.0,96.0,R,1,47.344139,0.653778,Joué-lès-Tours,37122.0
2022/01/01 00:00:00,2022/12/31 23:59:59,LIG'AIR,FR24ZAG01,ZAG TOURS,FR34028,Pompidou,Urbaine,PM10,Trafic,Oui,mesures fixes,Moy. annuelle,20.0,19.79193904850531,µg-m3,98.0,100.0,98.0,R,1,47.394639,0.704861,Tours,37261.0
2022/01/01 00:00:00,2022/12/31 23:59:59,LIG'AIR,FR24ZAG02,ZAG ORLEANS,FR34029,La_Source-CNRS,Urbaine,PM10,Fond,Oui,mesures fixes,Moy. annuelle,14.0,13.999595516006012,µg-m3,99.0,100.0,99.0,R,1,47.83775,1.944667,Orléans,45234.0
2022/01/01 00:00:00,2022/12/31 23:59:59,LIG'AIR,FR24ZRE02,ZR CENTRE-VAL-DE-LOIRE,FR34030,Bourges-Baffier,Urbaine,PM10,Trafic,Oui,mesures fixes,Moy. annuelle,14.0,13.88961659480247,µg-m3,98.0,100.0,98.0,R,1,47.075044,2.407183,Bourges,18033.0
2022/01/01 00:00:00,2022/12/31 23:59:59,LIG'AIR,FR24ZRE02,ZR CENTRE-VAL-DE-LOIRE,FR34032,Leblanc,Urbaine,PM10,Fond,Oui,mesures fixes,Moy. annuelle,14.0,13.863014959723817,µg-m3,99.0,100.0,99.0,R,1,47.082778,2.405333,Bourges,18033.0
2022/01/01 00:00:00,2022/12/31 23:59:59,LIG'AIR,FR24ZRE02,ZR CENTRE-VAL-DE-LOIRE,FR34041,Fulbert,Urbaine,PM10,Fond,Oui,mesures fixes,Moy. annuelle,14.0,13.873760523854,µg-m3,98.0,100.0,98.0,R,1,48.444417,1.510139,Chartres,28085.0
2022/01/01 00:00:00,2022/12/31 23:59:59,LIG'AIR,FR24ZRE02,ZR CENTRE-VAL-DE-LOIRE,FR34046,Dreux Centre,Urbaine,PM10,Fond,Oui,mesures fixes,Moy. annuelle,14.0,13.758788089445009,µg-m3,99.0,100.0,99.0,R,1,48.729694,1.358472,Dreux,28134.0
2022/01/01 00:00:00,2022/12/31 23:59:59,LIG'AIR,FR24ZRE02,ZR CENTRE-VAL-DE-LOIRE,FR34047,Saint-Remy,Périurbaine,PM10,Trafic,Oui,mesures fixes,Moy. annuelle,18.0,18.22577510411852,µg-m3,99.0,100.0,99.0,R,1,48.760889,1.233639,Saint-Rémy-sur-Avre,28359.0
2022/01/01 00:00:00,2022/12/31 23:59:59,LIG'AIR,FR24ZRE02,ZR CENTRE-VAL-DE-LOIRE,FR34051,Chateauroux Sud,Urbaine,PM10,Fond,Oui,mesures fixes,Moy. annuelle,15.0,15.04562306900107,µg-m3,100.0,100.0,100.0,R,1,46.798278,1.693139,Châteauroux,36044.0
2022/01/01 00:00:00,2022/12/31 23:59:59,LIG'AIR,FR24ZAR02,ZAR BLOIS,FR34061,Blois nord,Urbaine,PM10,Fond,Oui,mesures fixes,Moy. annuelle,14.0,13.723921748083775,µg-m3,100.0,100.0,100.0,R,1,47.594256,1.302667,Blois,41018.0
2022/01/01 00:00:00,2022/12/31 23:59:59,LIG'AIR,FR24ZRE02,ZR CENTRE-VAL-DE-LOIRE,FR34065,Montargis Fond,Urbaine,PM10,Fond,Oui,mesures fixes,Moy. annuelle,16.0,15.883118081180829,µg-m3,99.0,100.0,99.0,R,1,47.996994,2.731511,Montargis,45208.0
2022/01/01 00:00:00,2022/12/31 23:59:59,ATMO NOUVELLE-AQUITAINE,FR75ZRE02,ZR NOUVELLE-AQUITAINE,FR35002,ST JUNIEN - Fontaine,Urbaine,PM10,Fond,Oui,mesures fixes,Moy. annuelle,11.0,11.311235955056176,µg-m3,99.0,100.0,99.0,R,1,45.884851,0.898431,Saint-Junien,87154.0
2022/01/01 00:00:00,2022/12/31 23:59:59,ATMO NOUVELLE-AQUITAINE,FR75ZRE02,ZR NOUVELLE-AQUITAINE,FR35004,BRIVE - Dalton,Urbaine,PM10,Fond,Oui,mesures fixes,Moy. annuelle,16.0,16.158278799851853,µg-m3,93.0,99.0,92.0,R,1,45.158738,1.537259,Brive-la-Gaillarde,19031.0
2022/01/01 00:00:00,2022/12/31 23:59:59,ATMO NOUVELLE-AQUITAINE,FR75ZRE02,ZR NOUVELLE-AQUITAINE,FR35005,GUERET - Nicolas,Urbaine,PM10,Fond,Oui,mesures fixes,Moy. annuelle,12.0,11.882996095136606,µg-m3,96.0,100.0,96.0,R,1,46.17362,1.873024,Guéret,23096.0
2022/01/01 00:00:00,2022/12/31 23:59:59,ATMO NOUVELLE-AQUITAINE,FR75ZRE02,ZR NOUVELLE-AQUITAINE,FR35006,TULLE - Hugo,Urbaine,PM10,Fond,Oui,mesures fixes,Moy. annuelle,15.0,14.68057005785245,µg-m3,81.0,100.0,81.0,N,-1,45.262665,1.762752,Tulle,19272.0
2022/01/01 00:00:00,2022/12/31 23:59:59,ATMO NOUVELLE-AQUITAINE,FR75ZAR01,ZAR LIMOGES,FR35007,PALAIS S/ V.- Garros,Périurbaine,PM10,Fond,Oui,mesures fixes,Moy. annuelle,14.0,13.641606686788974,µg-m3,98.0,100.0,98.0,R,1,45.873311,1.307916,Le Palais-sur-Vienne,87113.0
2022/01/01 00:00:00,2022/12/31 23:59:59,ATMO NOUVELLE-AQUITAINE,FR75ZAR01,ZAR LIMOGES,FR35010,LIMOGES - Aine,Urbaine,PM10,Trafic,Oui,mesures fixes,Moy. annuelle,16.0,15.694960027806742,µg-m3,99.0,100.0,99.0,R,1,45.829975,1.254772,Limoges,87085.0
2022/01/01 00:00:00,2022/12/31 23:59:59,ATMO NOUVELLE-AQUITAINE,FR75ZRE02,ZR NOUVELLE-AQUITAINE,FR35019,SAILLAT - Ipaper,Rurale près des villes,PM10,Industrielle,Oui,mesures fixes,Moy. annuelle,16.0,15.911979104831946,µg-m3,96.0,100.0,96.0,R,1,45.875834,0.823951,Saillat-sur-Vienne,87131.0
2022/01/01 00:00:00,2022/12/31 23:59:59,ATMO NOUVELLE-AQUITAINE,FR75ZAR01,ZAR LIMOGES,FR35027,LIMOGES - BERLAND,Urbaine,PM10,Fond,Oui,mesures fixes,Moy. annuelle,13.0,13.407984293193714,µg-m3,96.0,100.0,96.0,R,1,45.842204,1.259689,Limoges,87085.0
2022/01/01 00:00:00,2022/12/31 23:59:59,ATMO AUVERGNE-RHÔNE-ALPES,FR84ZAR02,ZAR VALLEE-DU-RHONE,FR36001,Valence Périurb. Sud,Périurbaine,PM10,Fond,Oui,mesures indicatives,Moy. annuelle,17.0,17.3831863679695,µg-m3,,,,R,1,44.870243,4.876289,Portes-lès-Valence,26252.0
2022/01/01 00:00:00,2022/12/31 23:59:59,ATMO AUVERGNE-RHÔNE-ALPES,FR84ZAR02,ZAR VALLEE-DU-RHONE,FR36002,Valence Urb. Centre,Urbaine,PM10,Fond,Oui,mesures fixes,Moy. annuelle,18.0,18.45233105721686,µg-m3,99.0,98.0,97.0,R,1,44.933514,4.893481,Valence,26362.0
2022/01/01 00:00:00,2022/12/31 23:59:59,ATMO AUVERGNE-RHÔNE-ALPES,FR84ZAR02,ZAR VALLEE-DU-RHONE,FR36019,Romans-sur-Isère,Urbaine,PM10,Fond,Oui,mesures indicatives,Moy. annuelle,20.0,19.837802724520703,µg-m3,,,,R,1,45.0425,5.0443,Romans-sur-Isère,26281.0
2022/01/01 00:00:00,2022/12/31 23:59:59,ATMO AUVERGNE-RHÔNE-ALPES,FR84ZRE02,ZR AUVERGNE-RHONE-ALPES,FR36021,Drôme Rurale Sud-SND,Rurale nationale,PM10,Fond,Oui,mesures fixes,Moy. annuelle,9.0,8.840911693964046,µg-m3,100.0,100.0,100.0,R,1,44.569443,5.278972,Saint-Nazaire-le-Désert,26321.0
2022/01/01 00:00:00,2022/12/31 23:59:59,ATMO AUVERGNE-RHÔNE-ALPES,FR84ZAR02,ZAR VALLEE-DU-RHONE,FR36032,A7 Valence Est,Urbaine,PM10,Trafic,Oui,mesures fixes,Moy. annuelle,20.0,19.930459437565137,µg-m3,99.0,99.0,99.0,R,1,44.9492,4.890133,Bourg-lès-Valence,26058.0
2022/01/01 00:00:00,2022/12/31 23:59:59,GWAD'AIR,FR01ZAG01,ZAG POINTE-A-PITRE,FR37001,ST de Baie mahault,Périurbaine,PM10,Fond,Oui,mesures fixes,Moy. annuelle,22.0,22.41764705882358,µg-m3,94.0,100.0,94.0,R,1,16.257308,-61.591725,Baie-Mahault,97103.0
2022/01/01 00:00:00,2022/12/31 23:59:59,GWAD'AIR,FR01ZAG01,ZAG POINTE-A-PITRE,FR37006,PTP-VICTOIRE,Urbaine,PM10,Fond,Oui,mesures fixes,Moy. annuelle,16.0,15.864554994170232,µg/m3,96.0,92.0,88.0,R,1,16.23674,-61.534101,Pointe-à-Pitre,97120.0
2022/01/01 00:00:00,2022/12/31 23:59:59,GWAD'AIR,FR01ZRE01,ZR GUADELOUPE,FR37010,BT_PICHON,Urbaine,PM10,Fond,Oui,mesures fixes,Moy. annuelle,22.0,22.45575721862112,µg/m3,97.0,99.0,97.0,R,1,15.994349,-61.727203,Basse-Terre,97105.0
2022/01/01 00:00:00,2022/12/31 23:59:59,GWAD'AIR,FR01ZAG01,ZAG POINTE-A-PITRE,FR37040,ABYMES RN1,Périurbaine,PM10,Trafic,Oui,mesures fixes,Moy. annuelle,19.0,18.75988611198991,µg-m3,89.0,81.0,72.0,N,-1,16.254085,-61.53713,Les Abymes,97101.0
2022/01/01 00:00:00,2022/12/31 23:59:59,ATMO GRAND EST,FR44ZAG01,ZAG STRASBOURG,FR42010,Strasbourg Neudorf Ecoquartier Danube,Urbaine,PM10,Fond,Oui,mesures fixes,Moy. annuelle,18.0,17.838704509040927,µg-m3,100.0,100.0,100.0,R,1,48.572808,7.767833,Strasbourg,67482.0
2022/01/01 00:00:00,2022/12/31 23:59:59,ATMO OCCITANIE,FR76ZRE01,ZR OCCITANIE,FR50060,Montauban,Urbaine,PM10,Fond,Oui,mesures fixes,Moy. annuelle,16.0,16.45186805391345,µg/m3,99.0,98.0,97.0,R,1,44.01285657,1.37530522,Montauban,82121.0
2022/01/01 00:00:00,2022/12/31 23:59:59,ATMO OCCITANIE,FR76ZAR01,ZAR PERPIGNAN,FR50224,Perpignan bd Pyrénées,Urbaine,PM10,Trafic,Oui,mesures fixes,Moy. annuelle,23.0,23.417192010160548,µg-m3,99.0,100.0,99.0,R,1,42.69587,2.888483,Perpignan,66136.0
2022/01/01 00:00:00,2022/12/31 23:59:59,ATMO OCCITANIE,FR76ZAG02,ZAG MONTPELLIER,FR50225,Montpellier Liberté,Urbaine,PM10,Trafic,Oui,mesures fixes,Moy. annuelle,19.0,19.147095524957034,µg-m3,99.0,54.0,53.0,N,-1,43.611606,3.827868,Montpellier,34172.0
2022/01/01 00:00:00,2022/12/31 23:59:59,ATMO BOURGOGNE-FRANCHE-COMTE,FR27ZAR03,ZAR BESANCON,FR82006,Besançon Prévoyance,Urbaine,PM10,Fond,Oui,mesures fixes,Moy. annuelle,16.0,15.505172813732306,µg-m3,98.0,100.0,98.0,R,1,47.2474,6.015419,Besançon,25056.0
2022/01/01 00:00:00,2022/12/31 23:59:59,ATMO BOURGOGNE-FRANCHE-COMTE,FR27ZAR01,ZAR BELFORT-MONTBELIARD,FR82010,Montbéliard centre,Urbaine,PM10,Fond,Oui,mesures fixes,Moy. annuelle,15.0,15.483624557260876,µg-m3,97.0,100.0,97.0,R,1,47.510307,6.794,Montbéliard,25388.0
2022/01/01 00:00:00,2022/12/31 23:59:59,ATMO BOURGOGNE-FRANCHE-COMTE,FR27ZAR01,ZAR BELFORT-MONTBELIARD,FR82020,Belfort Octroi,Urbaine,PM10,Trafic,Oui,mesures fixes,Moy. annuelle,15.0,14.799019950997534,µg-m3,98.0,100.0,98.0,R,1,47.640667,6.859278,Belfort,90010.0
2022/01/01 00:00:00,2022/12/31 23:59:59,ATMO BOURGOGNE-FRANCHE-COMTE,FR27ZRE01,ZR BOURGOGNE-FRANCHE-COMTE,FR82030,Montandon Baresans,Rurale nationale,PM10,Fond,Oui,mesures fixes,Moy. annuelle,12.0,11.768802596778098,µg-m3,97.0,98.0,95.0,R,1,47.29464,6.825861,Montandon,25387.0
2022/01/01 00:00:00,2022/12/31 23:59:59,ATMO BOURGOGNE-FRANCHE-COMTE,FR27ZRE01,ZR BOURGOGNE-FRANCHE-COMTE,FR82040,Dole centre,Urbaine,PM10,Fond,Oui,mesures fixes,Moy. annuelle,15.0,15.357546398972763,µg-m3,98.0,100.0,98.0,R,1,47.09672,5.496389,Dole,39198.0
2022/01/01 00:00:00,2022/12/31 23:59:59,ATMO BOURGOGNE-FRANCHE-COMTE,FR27ZRE01,ZR BOURGOGNE-FRANCHE-COMTE,FR82043,Chatenois,Périurbaine,PM10,Industrielle,Oui,mesures fixes,Moy. annuelle,13.0,13.318373283686311,µg-m3,98.0,100.0,98.0,R,1,47.147231,5.556211,Châtenois,39121.0
2022/01/01 00:00:00,2022/12/31 23:59:59,ATMO BOURGOGNE-FRANCHE-COMTE,FR27ZRE01,ZR BOURGOGNE-FRANCHE-COMTE,FR82050,Lons-le-Saunier CV,Urbaine,PM10,Fond,Oui,mesures fixes,Moy. annuelle,14.0,14.048774781430888,µg-m3,97.0,96.0,93.0,R,1,46.671321,5.55662,Lons-le-Saunier,39300.0
2022/01/01 00:00:00,2022/12/31 23:59:59,ATMO BOURGOGNE-FRANCHE-COMTE,FR27ZRE01,ZR BOURGOGNE-FRANCHE-COMTE,FR82060,Vesoul Pres Caillet,Urbaine,PM10,Fond,Oui,mesures fixes,Moy. annuelle,16.0,16.25988851469058,µg-m3,98.0,100.0,98.0,R,1,47.620022,6.157642,Vesoul,70550.0
2022/01/01 00:00:00,2022/12/31 23:59:59,ATMO BOURGOGNE-FRANCHE-COMTE,FR27ZRE01,ZR BOURGOGNE-FRANCHE-COMTE,FR82070,Baume-les-Dames,Urbaine,PM10,Trafic,Oui,mesures fixes,Moy. annuelle,16.0,16.32775443510732,µg-m3,98.0,100.0,98.0,R,1,47.351288,6.359722,Baume-les-Dames,25047.0
